Area,Latitude,Longitude,Bedroom,Bathroom,Price_min,Price_max,List
Avondale,-36.893272,174.698319,1 ,1 ,100000 ,250000 ,0 
Avondale,-36.893272,174.698319,2 ,1 ,100000 ,250000 ,0 
Avondale,-36.893272,174.698319,3 ,1 ,100000 ,250000 ,0 
Avondale,-36.893272,174.698319,1 ,2 ,100000 ,250000 ,0 
Avondale,-36.893272,174.698319,2 ,2 ,100000 ,250000 ,0 
Avondale,-36.893272,174.698319,3 ,2 ,100000 ,250000 ,1 
Avondale,-36.893272,174.698319,1 ,3 ,100000 ,250000 ,0 
Avondale,-36.893272,174.698319,2 ,3 ,100000 ,250000 ,0 
Avondale,-36.893272,174.698319,3 ,3 ,100000 ,250000 ,0 
Avondale,-36.893272,174.698319,1 ,1 ,250000 ,500000 ,2 
Avondale,-36.893272,174.698319,2 ,1 ,250000 ,500000 ,1 
Avondale,-36.893272,174.698319,3 ,1 ,250000 ,500000 ,1 
Avondale,-36.893272,174.698319,1 ,2 ,250000 ,500000 ,0 
Avondale,-36.893272,174.698319,2 ,2 ,250000 ,500000 ,0 
Avondale,-36.893272,174.698319,3 ,2 ,250000 ,500000 ,0 
Avondale,-36.893272,174.698319,1 ,3 ,250000 ,500000 ,0 
Avondale,-36.893272,174.698319,2 ,3 ,250000 ,500000 ,0 
Avondale,-36.893272,174.698319,3 ,3 ,250000 ,500000 ,0 
Avondale,-36.893272,174.698319,1 ,1 ,500000 ,750000 ,2 
Avondale,-36.893272,174.698319,2 ,1 ,500000 ,750000 ,7 
Avondale,-36.893272,174.698319,3 ,1 ,500000 ,750000 ,12 
Avondale,-36.893272,174.698319,1 ,2 ,500000 ,750000 ,0 
Avondale,-36.893272,174.698319,2 ,2 ,500000 ,750000 ,2 
Avondale,-36.893272,174.698319,3 ,2 ,500000 ,750000 ,2 
Avondale,-36.893272,174.698319,1 ,3 ,500000 ,750000 ,0 
Avondale,-36.893272,174.698319,2 ,3 ,500000 ,750000 ,0 
Avondale,-36.893272,174.698319,3 ,3 ,500000 ,750000 ,0 
Avondale,-36.893272,174.698319,1 ,1 ,750000 ,1000000 ,0 
Avondale,-36.893272,174.698319,2 ,1 ,750000 ,1000000 ,2 
Avondale,-36.893272,174.698319,3 ,1 ,750000 ,1000000 ,11 
Avondale,-36.893272,174.698319,1 ,2 ,750000 ,1000000 ,0 
Avondale,-36.893272,174.698319,2 ,2 ,750000 ,1000000 ,1 
Avondale,-36.893272,174.698319,3 ,2 ,750000 ,1000000 ,5 
Avondale,-36.893272,174.698319,1 ,3 ,750000 ,1000000 ,0 
Avondale,-36.893272,174.698319,2 ,3 ,750000 ,1000000 ,0 
Avondale,-36.893272,174.698319,3 ,3 ,750000 ,1000000 ,0 
Avondale,-36.893272,174.698319,1 ,1 ,1000000 ,1250000 ,0 
Avondale,-36.893272,174.698319,2 ,1 ,1000000 ,1250000 ,0 
Avondale,-36.893272,174.698319,3 ,1 ,1000000 ,1250000 ,2 
Avondale,-36.893272,174.698319,1 ,2 ,1000000 ,1250000 ,0 
Avondale,-36.893272,174.698319,2 ,2 ,1000000 ,1250000 ,0 
Avondale,-36.893272,174.698319,3 ,2 ,1000000 ,1250000 ,0 
Avondale,-36.893272,174.698319,1 ,3 ,1000000 ,1250000 ,0 
Avondale,-36.893272,174.698319,2 ,3 ,1000000 ,1250000 ,0 
Avondale,-36.893272,174.698319,3 ,3 ,1000000 ,1250000 ,0 
Avondale,-36.893272,174.698319,1 ,1 ,1250000 ,1500000 ,0 
Avondale,-36.893272,174.698319,2 ,1 ,1250000 ,1500000 ,0 
Avondale,-36.893272,174.698319,3 ,1 ,1250000 ,1500000 ,0 
Avondale,-36.893272,174.698319,1 ,2 ,1250000 ,1500000 ,0 
Avondale,-36.893272,174.698319,2 ,2 ,1250000 ,1500000 ,0 
Avondale,-36.893272,174.698319,3 ,2 ,1250000 ,1500000 ,0 
Avondale,-36.893272,174.698319,1 ,3 ,1250000 ,1500000 ,0 
Avondale,-36.893272,174.698319,2 ,3 ,1250000 ,1500000 ,0 
Avondale,-36.893272,174.698319,3 ,3 ,1250000 ,1500000 ,0 
Avondale,-36.893272,174.698319,1 ,1 ,1500000 ,1750000 ,0 
Avondale,-36.893272,174.698319,2 ,1 ,1500000 ,1750000 ,0 
Avondale,-36.893272,174.698319,3 ,1 ,1500000 ,1750000 ,0 
Avondale,-36.893272,174.698319,1 ,2 ,1500000 ,1750000 ,0 
Avondale,-36.893272,174.698319,2 ,2 ,1500000 ,1750000 ,0 
Avondale,-36.893272,174.698319,3 ,2 ,1500000 ,1750000 ,0 
Avondale,-36.893272,174.698319,1 ,3 ,1500000 ,1750000 ,0 
Avondale,-36.893272,174.698319,2 ,3 ,1500000 ,1750000 ,0 
Avondale,-36.893272,174.698319,3 ,3 ,1500000 ,1750000 ,0 
Avondale,-36.893272,174.698319,1 ,1 ,1750000 ,2000000 ,0 
Avondale,-36.893272,174.698319,2 ,1 ,1750000 ,2000000 ,0 
Avondale,-36.893272,174.698319,3 ,1 ,1750000 ,2000000 ,0 
Avondale,-36.893272,174.698319,1 ,2 ,1750000 ,2000000 ,0 
Avondale,-36.893272,174.698319,2 ,2 ,1750000 ,2000000 ,0 
Avondale,-36.893272,174.698319,3 ,2 ,1750000 ,2000000 ,0 
Avondale,-36.893272,174.698319,1 ,3 ,1750000 ,2000000 ,0 
Avondale,-36.893272,174.698319,2 ,3 ,1750000 ,2000000 ,0 
Avondale,-36.893272,174.698319,3 ,3 ,1750000 ,2000000 ,0 
Blockhouse Bay,-36.922791,174.699995,1 ,1 ,100000 ,250000 ,0 
Blockhouse Bay,-36.922791,174.699995,2 ,1 ,100000 ,250000 ,0 
Blockhouse Bay,-36.922791,174.699995,3 ,1 ,100000 ,250000 ,3 
Blockhouse Bay,-36.922791,174.699995,1 ,2 ,100000 ,250000 ,0 
Blockhouse Bay,-36.922791,174.699995,2 ,2 ,100000 ,250000 ,0 
Blockhouse Bay,-36.922791,174.699995,3 ,2 ,100000 ,250000 ,0 
Blockhouse Bay,-36.922791,174.699995,1 ,3 ,100000 ,250000 ,0 
Blockhouse Bay,-36.922791,174.699995,2 ,3 ,100000 ,250000 ,0 
Blockhouse Bay,-36.922791,174.699995,3 ,3 ,100000 ,250000 ,0 
Blockhouse Bay,-36.922791,174.699995,1 ,1 ,250000 ,500000 ,1 
Blockhouse Bay,-36.922791,174.699995,2 ,1 ,250000 ,500000 ,2 
Blockhouse Bay,-36.922791,174.699995,3 ,1 ,250000 ,500000 ,0 
Blockhouse Bay,-36.922791,174.699995,1 ,2 ,250000 ,500000 ,0 
Blockhouse Bay,-36.922791,174.699995,2 ,2 ,250000 ,500000 ,0 
Blockhouse Bay,-36.922791,174.699995,3 ,2 ,250000 ,500000 ,0 
Blockhouse Bay,-36.922791,174.699995,1 ,3 ,250000 ,500000 ,0 
Blockhouse Bay,-36.922791,174.699995,2 ,3 ,250000 ,500000 ,0 
Blockhouse Bay,-36.922791,174.699995,3 ,3 ,250000 ,500000 ,0 
Blockhouse Bay,-36.922791,174.699995,1 ,1 ,500000 ,750000 ,0 
Blockhouse Bay,-36.922791,174.699995,2 ,1 ,500000 ,750000 ,2 
Blockhouse Bay,-36.922791,174.699995,3 ,1 ,500000 ,750000 ,2 
Blockhouse Bay,-36.922791,174.699995,1 ,2 ,500000 ,750000 ,0 
Blockhouse Bay,-36.922791,174.699995,2 ,2 ,500000 ,750000 ,0 
Blockhouse Bay,-36.922791,174.699995,3 ,2 ,500000 ,750000 ,0 
Blockhouse Bay,-36.922791,174.699995,1 ,3 ,500000 ,750000 ,0 
Blockhouse Bay,-36.922791,174.699995,2 ,3 ,500000 ,750000 ,0 
Blockhouse Bay,-36.922791,174.699995,3 ,3 ,500000 ,750000 ,0 
Blockhouse Bay,-36.922791,174.699995,1 ,1 ,750000 ,1000000 ,0 
Blockhouse Bay,-36.922791,174.699995,2 ,1 ,750000 ,1000000 ,2 
Blockhouse Bay,-36.922791,174.699995,3 ,1 ,750000 ,1000000 ,4 
Blockhouse Bay,-36.922791,174.699995,1 ,2 ,750000 ,1000000 ,0 
Blockhouse Bay,-36.922791,174.699995,2 ,2 ,750000 ,1000000 ,0 
Blockhouse Bay,-36.922791,174.699995,3 ,2 ,750000 ,1000000 ,2 
Blockhouse Bay,-36.922791,174.699995,1 ,3 ,750000 ,1000000 ,0 
Blockhouse Bay,-36.922791,174.699995,2 ,3 ,750000 ,1000000 ,0 
Blockhouse Bay,-36.922791,174.699995,3 ,3 ,750000 ,1000000 ,0 
Blockhouse Bay,-36.922791,174.699995,1 ,1 ,1000000 ,1250000 ,0 
Blockhouse Bay,-36.922791,174.699995,2 ,1 ,1000000 ,1250000 ,1 
Blockhouse Bay,-36.922791,174.699995,3 ,1 ,1000000 ,1250000 ,4 
Blockhouse Bay,-36.922791,174.699995,1 ,2 ,1000000 ,1250000 ,0 
Blockhouse Bay,-36.922791,174.699995,2 ,2 ,1000000 ,1250000 ,0 
Blockhouse Bay,-36.922791,174.699995,3 ,2 ,1000000 ,1250000 ,1 
Blockhouse Bay,-36.922791,174.699995,1 ,3 ,1000000 ,1250000 ,0 
Blockhouse Bay,-36.922791,174.699995,2 ,3 ,1000000 ,1250000 ,0 
Blockhouse Bay,-36.922791,174.699995,3 ,3 ,1000000 ,1250000 ,0 
Blockhouse Bay,-36.922791,174.699995,1 ,1 ,1250000 ,1500000 ,0 
Blockhouse Bay,-36.922791,174.699995,2 ,1 ,1250000 ,1500000 ,0 
Blockhouse Bay,-36.922791,174.699995,3 ,1 ,1250000 ,1500000 ,2 
Blockhouse Bay,-36.922791,174.699995,1 ,2 ,1250000 ,1500000 ,0 
Blockhouse Bay,-36.922791,174.699995,2 ,2 ,1250000 ,1500000 ,0 
Blockhouse Bay,-36.922791,174.699995,3 ,2 ,1250000 ,1500000 ,0 
Blockhouse Bay,-36.922791,174.699995,1 ,3 ,1250000 ,1500000 ,0 
Blockhouse Bay,-36.922791,174.699995,2 ,3 ,1250000 ,1500000 ,0 
Blockhouse Bay,-36.922791,174.699995,3 ,3 ,1250000 ,1500000 ,0 
Blockhouse Bay,-36.922791,174.699995,1 ,1 ,1500000 ,1750000 ,0 
Blockhouse Bay,-36.922791,174.699995,2 ,1 ,1500000 ,1750000 ,0 
Blockhouse Bay,-36.922791,174.699995,3 ,1 ,1500000 ,1750000 ,0 
Blockhouse Bay,-36.922791,174.699995,1 ,2 ,1500000 ,1750000 ,0 
Blockhouse Bay,-36.922791,174.699995,2 ,2 ,1500000 ,1750000 ,0 
Blockhouse Bay,-36.922791,174.699995,3 ,2 ,1500000 ,1750000 ,0 
Blockhouse Bay,-36.922791,174.699995,1 ,3 ,1500000 ,1750000 ,0 
Blockhouse Bay,-36.922791,174.699995,2 ,3 ,1500000 ,1750000 ,0 
Blockhouse Bay,-36.922791,174.699995,3 ,3 ,1500000 ,1750000 ,0 
Blockhouse Bay,-36.922791,174.699995,1 ,1 ,1750000 ,2000000 ,0 
Blockhouse Bay,-36.922791,174.699995,2 ,1 ,1750000 ,2000000 ,0 
Blockhouse Bay,-36.922791,174.699995,3 ,1 ,1750000 ,2000000 ,0 
Blockhouse Bay,-36.922791,174.699995,1 ,2 ,1750000 ,2000000 ,0 
Blockhouse Bay,-36.922791,174.699995,2 ,2 ,1750000 ,2000000 ,0 
Blockhouse Bay,-36.922791,174.699995,3 ,2 ,1750000 ,2000000 ,0 
Blockhouse Bay,-36.922791,174.699995,1 ,3 ,1750000 ,2000000 ,0 
Blockhouse Bay,-36.922791,174.699995,2 ,3 ,1750000 ,2000000 ,0 
Blockhouse Bay,-36.922791,174.699995,3 ,3 ,1750000 ,2000000 ,0 
City Centre,-36.850961,174.764143,1 ,1 ,100000 ,250000 ,74 
City Centre,-36.850961,174.764143,2 ,1 ,100000 ,250000 ,22 
City Centre,-36.850961,174.764143,3 ,1 ,100000 ,250000 ,1 
City Centre,-36.850961,174.764143,1 ,2 ,100000 ,250000 ,0 
City Centre,-36.850961,174.764143,2 ,2 ,100000 ,250000 ,4 
City Centre,-36.850961,174.764143,3 ,2 ,100000 ,250000 ,4 
City Centre,-36.850961,174.764143,1 ,3 ,100000 ,250000 ,0 
City Centre,-36.850961,174.764143,2 ,3 ,100000 ,250000 ,0 
City Centre,-36.850961,174.764143,3 ,3 ,100000 ,250000 ,0 
City Centre,-36.850961,174.764143,1 ,1 ,250000 ,500000 ,165 
City Centre,-36.850961,174.764143,2 ,1 ,250000 ,500000 ,91 
City Centre,-36.850961,174.764143,3 ,1 ,250000 ,500000 ,7 
City Centre,-36.850961,174.764143,1 ,2 ,250000 ,500000 ,4 
City Centre,-36.850961,174.764143,2 ,2 ,250000 ,500000 ,17 
City Centre,-36.850961,174.764143,3 ,2 ,250000 ,500000 ,7 
City Centre,-36.850961,174.764143,1 ,3 ,250000 ,500000 ,0 
City Centre,-36.850961,174.764143,2 ,3 ,250000 ,500000 ,0 
City Centre,-36.850961,174.764143,3 ,3 ,250000 ,500000 ,0 
City Centre,-36.850961,174.764143,1 ,1 ,500000 ,750000 ,120 
City Centre,-36.850961,174.764143,2 ,1 ,500000 ,750000 ,84 
City Centre,-36.850961,174.764143,3 ,1 ,500000 ,750000 ,7 
City Centre,-36.850961,174.764143,1 ,2 ,500000 ,750000 ,0 
City Centre,-36.850961,174.764143,2 ,2 ,500000 ,750000 ,27 
City Centre,-36.850961,174.764143,3 ,2 ,500000 ,750000 ,3 
City Centre,-36.850961,174.764143,1 ,3 ,500000 ,750000 ,0 
City Centre,-36.850961,174.764143,2 ,3 ,500000 ,750000 ,0 
City Centre,-36.850961,174.764143,3 ,3 ,500000 ,750000 ,0 
City Centre,-36.850961,174.764143,1 ,1 ,750000 ,1000000 ,19 
City Centre,-36.850961,174.764143,2 ,1 ,750000 ,1000000 ,29 
City Centre,-36.850961,174.764143,3 ,1 ,750000 ,1000000 ,2 
City Centre,-36.850961,174.764143,1 ,2 ,750000 ,1000000 ,0 
City Centre,-36.850961,174.764143,2 ,2 ,750000 ,1000000 ,57 
City Centre,-36.850961,174.764143,3 ,2 ,750000 ,1000000 ,8 
City Centre,-36.850961,174.764143,1 ,3 ,750000 ,1000000 ,0 
City Centre,-36.850961,174.764143,2 ,3 ,750000 ,1000000 ,0 
City Centre,-36.850961,174.764143,3 ,3 ,750000 ,1000000 ,0 
City Centre,-36.850961,174.764143,1 ,1 ,1000000 ,1250000 ,3 
City Centre,-36.850961,174.764143,2 ,1 ,1000000 ,1250000 ,9 
City Centre,-36.850961,174.764143,3 ,1 ,1000000 ,1250000 ,0 
City Centre,-36.850961,174.764143,1 ,2 ,1000000 ,1250000 ,0 
City Centre,-36.850961,174.764143,2 ,2 ,1000000 ,1250000 ,31 
City Centre,-36.850961,174.764143,3 ,2 ,1000000 ,1250000 ,5 
City Centre,-36.850961,174.764143,1 ,3 ,1000000 ,1250000 ,0 
City Centre,-36.850961,174.764143,2 ,3 ,1000000 ,1250000 ,0 
City Centre,-36.850961,174.764143,3 ,3 ,1000000 ,1250000 ,0 
City Centre,-36.850961,174.764143,1 ,1 ,1250000 ,1500000 ,2 
City Centre,-36.850961,174.764143,2 ,1 ,1250000 ,1500000 ,2 
City Centre,-36.850961,174.764143,3 ,1 ,1250000 ,1500000 ,0 
City Centre,-36.850961,174.764143,1 ,2 ,1250000 ,1500000 ,0 
City Centre,-36.850961,174.764143,2 ,2 ,1250000 ,1500000 ,20 
City Centre,-36.850961,174.764143,3 ,2 ,1250000 ,1500000 ,5 
City Centre,-36.850961,174.764143,1 ,3 ,1250000 ,1500000 ,0 
City Centre,-36.850961,174.764143,2 ,3 ,1250000 ,1500000 ,0 
City Centre,-36.850961,174.764143,3 ,3 ,1250000 ,1500000 ,0 
City Centre,-36.850961,174.764143,1 ,1 ,1500000 ,1750000 ,0 
City Centre,-36.850961,174.764143,2 ,1 ,1500000 ,1750000 ,1 
City Centre,-36.850961,174.764143,3 ,1 ,1500000 ,1750000 ,0 
City Centre,-36.850961,174.764143,1 ,2 ,1500000 ,1750000 ,0 
City Centre,-36.850961,174.764143,2 ,2 ,1500000 ,1750000 ,9 
City Centre,-36.850961,174.764143,3 ,2 ,1500000 ,1750000 ,7 
City Centre,-36.850961,174.764143,1 ,3 ,1500000 ,1750000 ,0 
City Centre,-36.850961,174.764143,2 ,3 ,1500000 ,1750000 ,0 
City Centre,-36.850961,174.764143,3 ,3 ,1500000 ,1750000 ,3 
City Centre,-36.850961,174.764143,1 ,1 ,1750000 ,2000000 ,0 
City Centre,-36.850961,174.764143,2 ,1 ,1750000 ,2000000 ,0 
City Centre,-36.850961,174.764143,3 ,1 ,1750000 ,2000000 ,0 
City Centre,-36.850961,174.764143,1 ,2 ,1750000 ,2000000 ,0 
City Centre,-36.850961,174.764143,2 ,2 ,1750000 ,2000000 ,3 
City Centre,-36.850961,174.764143,3 ,2 ,1750000 ,2000000 ,4 
City Centre,-36.850961,174.764143,1 ,3 ,1750000 ,2000000 ,0 
City Centre,-36.850961,174.764143,2 ,3 ,1750000 ,2000000 ,0 
City Centre,-36.850961,174.764143,3 ,3 ,1750000 ,2000000 ,0 
Epsom,-36.893442,174.773857,1 ,1 ,100000 ,250000 ,0 
Epsom,-36.893442,174.773857,2 ,1 ,100000 ,250000 ,0 
Epsom,-36.893442,174.773857,3 ,1 ,100000 ,250000 ,0 
Epsom,-36.893442,174.773857,1 ,2 ,100000 ,250000 ,0 
Epsom,-36.893442,174.773857,2 ,2 ,100000 ,250000 ,0 
Epsom,-36.893442,174.773857,3 ,2 ,100000 ,250000 ,0 
Epsom,-36.893442,174.773857,1 ,3 ,100000 ,250000 ,0 
Epsom,-36.893442,174.773857,2 ,3 ,100000 ,250000 ,0 
Epsom,-36.893442,174.773857,3 ,3 ,100000 ,250000 ,0 
Epsom,-36.893442,174.773857,1 ,1 ,250000 ,500000 ,1 
Epsom,-36.893442,174.773857,2 ,1 ,250000 ,500000 ,0 
Epsom,-36.893442,174.773857,3 ,1 ,250000 ,500000 ,1 
Epsom,-36.893442,174.773857,1 ,2 ,250000 ,500000 ,0 
Epsom,-36.893442,174.773857,2 ,2 ,250000 ,500000 ,0 
Epsom,-36.893442,174.773857,3 ,2 ,250000 ,500000 ,0 
Epsom,-36.893442,174.773857,1 ,3 ,250000 ,500000 ,0 
Epsom,-36.893442,174.773857,2 ,3 ,250000 ,500000 ,0 
Epsom,-36.893442,174.773857,3 ,3 ,250000 ,500000 ,0 
Epsom,-36.893442,174.773857,1 ,1 ,500000 ,750000 ,4 
Epsom,-36.893442,174.773857,2 ,1 ,500000 ,750000 ,0 
Epsom,-36.893442,174.773857,3 ,1 ,500000 ,750000 ,0 
Epsom,-36.893442,174.773857,1 ,2 ,500000 ,750000 ,0 
Epsom,-36.893442,174.773857,2 ,2 ,500000 ,750000 ,1 
Epsom,-36.893442,174.773857,3 ,2 ,500000 ,750000 ,0 
Epsom,-36.893442,174.773857,1 ,3 ,500000 ,750000 ,0 
Epsom,-36.893442,174.773857,2 ,3 ,500000 ,750000 ,0 
Epsom,-36.893442,174.773857,3 ,3 ,500000 ,750000 ,0 
Epsom,-36.893442,174.773857,1 ,1 ,750000 ,1000000 ,4 
Epsom,-36.893442,174.773857,2 ,1 ,750000 ,1000000 ,4 
Epsom,-36.893442,174.773857,3 ,1 ,750000 ,1000000 ,1 
Epsom,-36.893442,174.773857,1 ,2 ,750000 ,1000000 ,0 
Epsom,-36.893442,174.773857,2 ,2 ,750000 ,1000000 ,2 
Epsom,-36.893442,174.773857,3 ,2 ,750000 ,1000000 ,1 
Epsom,-36.893442,174.773857,1 ,3 ,750000 ,1000000 ,0 
Epsom,-36.893442,174.773857,2 ,3 ,750000 ,1000000 ,0 
Epsom,-36.893442,174.773857,3 ,3 ,750000 ,1000000 ,0 
Epsom,-36.893442,174.773857,1 ,1 ,1000000 ,1250000 ,1 
Epsom,-36.893442,174.773857,2 ,1 ,1000000 ,1250000 ,4 
Epsom,-36.893442,174.773857,3 ,1 ,1000000 ,1250000 ,1 
Epsom,-36.893442,174.773857,1 ,2 ,1000000 ,1250000 ,0 
Epsom,-36.893442,174.773857,2 ,2 ,1000000 ,1250000 ,1 
Epsom,-36.893442,174.773857,3 ,2 ,1000000 ,1250000 ,3 
Epsom,-36.893442,174.773857,1 ,3 ,1000000 ,1250000 ,0 
Epsom,-36.893442,174.773857,2 ,3 ,1000000 ,1250000 ,0 
Epsom,-36.893442,174.773857,3 ,3 ,1000000 ,1250000 ,0 
Epsom,-36.893442,174.773857,1 ,1 ,1250000 ,1500000 ,0 
Epsom,-36.893442,174.773857,2 ,1 ,1250000 ,1500000 ,1 
Epsom,-36.893442,174.773857,3 ,1 ,1250000 ,1500000 ,1 
Epsom,-36.893442,174.773857,1 ,2 ,1250000 ,1500000 ,0 
Epsom,-36.893442,174.773857,2 ,2 ,1250000 ,1500000 ,1 
Epsom,-36.893442,174.773857,3 ,2 ,1250000 ,1500000 ,2 
Epsom,-36.893442,174.773857,1 ,3 ,1250000 ,1500000 ,0 
Epsom,-36.893442,174.773857,2 ,3 ,1250000 ,1500000 ,0 
Epsom,-36.893442,174.773857,3 ,3 ,1250000 ,1500000 ,0 
Epsom,-36.893442,174.773857,1 ,1 ,1500000 ,1750000 ,0 
Epsom,-36.893442,174.773857,2 ,1 ,1500000 ,1750000 ,0 
Epsom,-36.893442,174.773857,3 ,1 ,1500000 ,1750000 ,1 
Epsom,-36.893442,174.773857,1 ,2 ,1500000 ,1750000 ,0 
Epsom,-36.893442,174.773857,2 ,2 ,1500000 ,1750000 ,1 
Epsom,-36.893442,174.773857,3 ,2 ,1500000 ,1750000 ,2 
Epsom,-36.893442,174.773857,1 ,3 ,1500000 ,1750000 ,0 
Epsom,-36.893442,174.773857,2 ,3 ,1500000 ,1750000 ,0 
Epsom,-36.893442,174.773857,3 ,3 ,1500000 ,1750000 ,0 
Epsom,-36.893442,174.773857,1 ,1 ,1750000 ,2000000 ,0 
Epsom,-36.893442,174.773857,2 ,1 ,1750000 ,2000000 ,0 
Epsom,-36.893442,174.773857,3 ,1 ,1750000 ,2000000 ,1 
Epsom,-36.893442,174.773857,1 ,2 ,1750000 ,2000000 ,0 
Epsom,-36.893442,174.773857,2 ,2 ,1750000 ,2000000 ,0 
Epsom,-36.893442,174.773857,3 ,2 ,1750000 ,2000000 ,1 
Epsom,-36.893442,174.773857,1 ,3 ,1750000 ,2000000 ,0 
Epsom,-36.893442,174.773857,2 ,3 ,1750000 ,2000000 ,0 
Epsom,-36.893442,174.773857,3 ,3 ,1750000 ,2000000 ,0 
Grey Lynn,-36.863321,174.74211,1 ,1 ,100000 ,250000 ,0 
Grey Lynn,-36.863321,174.74211,2 ,1 ,100000 ,250000 ,0 
Grey Lynn,-36.863321,174.74211,3 ,1 ,100000 ,250000 ,0 
Grey Lynn,-36.863321,174.74211,1 ,2 ,100000 ,250000 ,0 
Grey Lynn,-36.863321,174.74211,2 ,2 ,100000 ,250000 ,0 
Grey Lynn,-36.863321,174.74211,3 ,2 ,100000 ,250000 ,0 
Grey Lynn,-36.863321,174.74211,1 ,3 ,100000 ,250000 ,0 
Grey Lynn,-36.863321,174.74211,2 ,3 ,100000 ,250000 ,0 
Grey Lynn,-36.863321,174.74211,3 ,3 ,100000 ,250000 ,0 
Grey Lynn,-36.863321,174.74211,1 ,1 ,250000 ,500000 ,1 
Grey Lynn,-36.863321,174.74211,2 ,1 ,250000 ,500000 ,1 
Grey Lynn,-36.863321,174.74211,3 ,1 ,250000 ,500000 ,0 
Grey Lynn,-36.863321,174.74211,1 ,2 ,250000 ,500000 ,0 
Grey Lynn,-36.863321,174.74211,2 ,2 ,250000 ,500000 ,0 
Grey Lynn,-36.863321,174.74211,3 ,2 ,250000 ,500000 ,0 
Grey Lynn,-36.863321,174.74211,1 ,3 ,250000 ,500000 ,0 
Grey Lynn,-36.863321,174.74211,2 ,3 ,250000 ,500000 ,0 
Grey Lynn,-36.863321,174.74211,3 ,3 ,250000 ,500000 ,0 
Grey Lynn,-36.863321,174.74211,1 ,1 ,500000 ,750000 ,3 
Grey Lynn,-36.863321,174.74211,2 ,1 ,500000 ,750000 ,1 
Grey Lynn,-36.863321,174.74211,3 ,1 ,500000 ,750000 ,0 
Grey Lynn,-36.863321,174.74211,1 ,2 ,500000 ,750000 ,0 
Grey Lynn,-36.863321,174.74211,2 ,2 ,500000 ,750000 ,1 
Grey Lynn,-36.863321,174.74211,3 ,2 ,500000 ,750000 ,0 
Grey Lynn,-36.863321,174.74211,1 ,3 ,500000 ,750000 ,0 
Grey Lynn,-36.863321,174.74211,2 ,3 ,500000 ,750000 ,0 
Grey Lynn,-36.863321,174.74211,3 ,3 ,500000 ,750000 ,0 
Grey Lynn,-36.863321,174.74211,1 ,1 ,750000 ,1000000 ,0 
Grey Lynn,-36.863321,174.74211,2 ,1 ,750000 ,1000000 ,2 
Grey Lynn,-36.863321,174.74211,3 ,1 ,750000 ,1000000 ,0 
Grey Lynn,-36.863321,174.74211,1 ,2 ,750000 ,1000000 ,1 
Grey Lynn,-36.863321,174.74211,2 ,2 ,750000 ,1000000 ,3 
Grey Lynn,-36.863321,174.74211,3 ,2 ,750000 ,1000000 ,2 
Grey Lynn,-36.863321,174.74211,1 ,3 ,750000 ,1000000 ,0 
Grey Lynn,-36.863321,174.74211,2 ,3 ,750000 ,1000000 ,0 
Grey Lynn,-36.863321,174.74211,3 ,3 ,750000 ,1000000 ,0 
Grey Lynn,-36.863321,174.74211,1 ,1 ,1000000 ,1250000 ,0 
Grey Lynn,-36.863321,174.74211,2 ,1 ,1000000 ,1250000 ,3 
Grey Lynn,-36.863321,174.74211,3 ,1 ,1000000 ,1250000 ,0 
Grey Lynn,-36.863321,174.74211,1 ,2 ,1000000 ,1250000 ,1 
Grey Lynn,-36.863321,174.74211,2 ,2 ,1000000 ,1250000 ,4 
Grey Lynn,-36.863321,174.74211,3 ,2 ,1000000 ,1250000 ,1 
Grey Lynn,-36.863321,174.74211,1 ,3 ,1000000 ,1250000 ,0 
Grey Lynn,-36.863321,174.74211,2 ,3 ,1000000 ,1250000 ,0 
Grey Lynn,-36.863321,174.74211,3 ,3 ,1000000 ,1250000 ,0 
Grey Lynn,-36.863321,174.74211,1 ,1 ,1250000 ,1500000 ,0 
Grey Lynn,-36.863321,174.74211,2 ,1 ,1250000 ,1500000 ,2 
Grey Lynn,-36.863321,174.74211,3 ,1 ,1250000 ,1500000 ,2 
Grey Lynn,-36.863321,174.74211,1 ,2 ,1250000 ,1500000 ,0 
Grey Lynn,-36.863321,174.74211,2 ,2 ,1250000 ,1500000 ,3 
Grey Lynn,-36.863321,174.74211,3 ,2 ,1250000 ,1500000 ,1 
Grey Lynn,-36.863321,174.74211,1 ,3 ,1250000 ,1500000 ,0 
Grey Lynn,-36.863321,174.74211,2 ,3 ,1250000 ,1500000 ,0 
Grey Lynn,-36.863321,174.74211,3 ,3 ,1250000 ,1500000 ,0 
Grey Lynn,-36.863321,174.74211,1 ,1 ,1500000 ,1750000 ,0 
Grey Lynn,-36.863321,174.74211,2 ,1 ,1500000 ,1750000 ,2 
Grey Lynn,-36.863321,174.74211,3 ,1 ,1500000 ,1750000 ,1 
Grey Lynn,-36.863321,174.74211,1 ,2 ,1500000 ,1750000 ,0 
Grey Lynn,-36.863321,174.74211,2 ,2 ,1500000 ,1750000 ,1 
Grey Lynn,-36.863321,174.74211,3 ,2 ,1500000 ,1750000 ,2 
Grey Lynn,-36.863321,174.74211,1 ,3 ,1500000 ,1750000 ,0 
Grey Lynn,-36.863321,174.74211,2 ,3 ,1500000 ,1750000 ,0 
Grey Lynn,-36.863321,174.74211,3 ,3 ,1500000 ,1750000 ,0 
Grey Lynn,-36.863321,174.74211,1 ,1 ,1750000 ,2000000 ,0 
Grey Lynn,-36.863321,174.74211,2 ,1 ,1750000 ,2000000 ,1 
Grey Lynn,-36.863321,174.74211,3 ,1 ,1750000 ,2000000 ,1 
Grey Lynn,-36.863321,174.74211,1 ,2 ,1750000 ,2000000 ,0 
Grey Lynn,-36.863321,174.74211,2 ,2 ,1750000 ,2000000 ,0 
Grey Lynn,-36.863321,174.74211,3 ,2 ,1750000 ,2000000 ,2 
Grey Lynn,-36.863321,174.74211,1 ,3 ,1750000 ,2000000 ,0 
Grey Lynn,-36.863321,174.74211,2 ,3 ,1750000 ,2000000 ,0 
Grey Lynn,-36.863321,174.74211,3 ,3 ,1750000 ,2000000 ,0 
Hillsborough,-36.922364,174.756509,1 ,1 ,100000 ,250000 ,0 
Hillsborough,-36.922364,174.756509,2 ,1 ,100000 ,250000 ,0 
Hillsborough,-36.922364,174.756509,3 ,1 ,100000 ,250000 ,0 
Hillsborough,-36.922364,174.756509,1 ,2 ,100000 ,250000 ,0 
Hillsborough,-36.922364,174.756509,2 ,2 ,100000 ,250000 ,0 
Hillsborough,-36.922364,174.756509,3 ,2 ,100000 ,250000 ,0 
Hillsborough,-36.922364,174.756509,1 ,3 ,100000 ,250000 ,0 
Hillsborough,-36.922364,174.756509,2 ,3 ,100000 ,250000 ,0 
Hillsborough,-36.922364,174.756509,3 ,3 ,100000 ,250000 ,0 
Hillsborough,-36.922364,174.756509,1 ,1 ,250000 ,500000 ,0 
Hillsborough,-36.922364,174.756509,2 ,1 ,250000 ,500000 ,0 
Hillsborough,-36.922364,174.756509,3 ,1 ,250000 ,500000 ,0 
Hillsborough,-36.922364,174.756509,1 ,2 ,250000 ,500000 ,0 
Hillsborough,-36.922364,174.756509,2 ,2 ,250000 ,500000 ,0 
Hillsborough,-36.922364,174.756509,3 ,2 ,250000 ,500000 ,0 
Hillsborough,-36.922364,174.756509,1 ,3 ,250000 ,500000 ,0 
Hillsborough,-36.922364,174.756509,2 ,3 ,250000 ,500000 ,0 
Hillsborough,-36.922364,174.756509,3 ,3 ,250000 ,500000 ,0 
Hillsborough,-36.922364,174.756509,1 ,1 ,500000 ,750000 ,1 
Hillsborough,-36.922364,174.756509,2 ,1 ,500000 ,750000 ,2 
Hillsborough,-36.922364,174.756509,3 ,1 ,500000 ,750000 ,1 
Hillsborough,-36.922364,174.756509,1 ,2 ,500000 ,750000 ,0 
Hillsborough,-36.922364,174.756509,2 ,2 ,500000 ,750000 ,0 
Hillsborough,-36.922364,174.756509,3 ,2 ,500000 ,750000 ,0 
Hillsborough,-36.922364,174.756509,1 ,3 ,500000 ,750000 ,0 
Hillsborough,-36.922364,174.756509,2 ,3 ,500000 ,750000 ,0 
Hillsborough,-36.922364,174.756509,3 ,3 ,500000 ,750000 ,0 
Hillsborough,-36.922364,174.756509,1 ,1 ,750000 ,1000000 ,0 
Hillsborough,-36.922364,174.756509,2 ,1 ,750000 ,1000000 ,1 
Hillsborough,-36.922364,174.756509,3 ,1 ,750000 ,1000000 ,3 
Hillsborough,-36.922364,174.756509,1 ,2 ,750000 ,1000000 ,0 
Hillsborough,-36.922364,174.756509,2 ,2 ,750000 ,1000000 ,0 
Hillsborough,-36.922364,174.756509,3 ,2 ,750000 ,1000000 ,3 
Hillsborough,-36.922364,174.756509,1 ,3 ,750000 ,1000000 ,0 
Hillsborough,-36.922364,174.756509,2 ,3 ,750000 ,1000000 ,0 
Hillsborough,-36.922364,174.756509,3 ,3 ,750000 ,1000000 ,0 
Hillsborough,-36.922364,174.756509,1 ,1 ,1000000 ,1250000 ,0 
Hillsborough,-36.922364,174.756509,2 ,1 ,1000000 ,1250000 ,0 
Hillsborough,-36.922364,174.756509,3 ,1 ,1000000 ,1250000 ,3 
Hillsborough,-36.922364,174.756509,1 ,2 ,1000000 ,1250000 ,0 
Hillsborough,-36.922364,174.756509,2 ,2 ,1000000 ,1250000 ,0 
Hillsborough,-36.922364,174.756509,3 ,2 ,1000000 ,1250000 ,2 
Hillsborough,-36.922364,174.756509,1 ,3 ,1000000 ,1250000 ,0 
Hillsborough,-36.922364,174.756509,2 ,3 ,1000000 ,1250000 ,0 
Hillsborough,-36.922364,174.756509,3 ,3 ,1000000 ,1250000 ,0 
Hillsborough,-36.922364,174.756509,1 ,1 ,1250000 ,1500000 ,0 
Hillsborough,-36.922364,174.756509,2 ,1 ,1250000 ,1500000 ,0 
Hillsborough,-36.922364,174.756509,3 ,1 ,1250000 ,1500000 ,1 
Hillsborough,-36.922364,174.756509,1 ,2 ,1250000 ,1500000 ,0 
Hillsborough,-36.922364,174.756509,2 ,2 ,1250000 ,1500000 ,0 
Hillsborough,-36.922364,174.756509,3 ,2 ,1250000 ,1500000 ,0 
Hillsborough,-36.922364,174.756509,1 ,3 ,1250000 ,1500000 ,0 
Hillsborough,-36.922364,174.756509,2 ,3 ,1250000 ,1500000 ,0 
Hillsborough,-36.922364,174.756509,3 ,3 ,1250000 ,1500000 ,0 
Hillsborough,-36.922364,174.756509,1 ,1 ,1500000 ,1750000 ,0 
Hillsborough,-36.922364,174.756509,2 ,1 ,1500000 ,1750000 ,0 
Hillsborough,-36.922364,174.756509,3 ,1 ,1500000 ,1750000 ,0 
Hillsborough,-36.922364,174.756509,1 ,2 ,1500000 ,1750000 ,0 
Hillsborough,-36.922364,174.756509,2 ,2 ,1500000 ,1750000 ,0 
Hillsborough,-36.922364,174.756509,3 ,2 ,1500000 ,1750000 ,0 
Hillsborough,-36.922364,174.756509,1 ,3 ,1500000 ,1750000 ,0 
Hillsborough,-36.922364,174.756509,2 ,3 ,1500000 ,1750000 ,0 
Hillsborough,-36.922364,174.756509,3 ,3 ,1500000 ,1750000 ,0 
Hillsborough,-36.922364,174.756509,1 ,1 ,1750000 ,2000000 ,0 
Hillsborough,-36.922364,174.756509,2 ,1 ,1750000 ,2000000 ,0 
Hillsborough,-36.922364,174.756509,3 ,1 ,1750000 ,2000000 ,0 
Hillsborough,-36.922364,174.756509,1 ,2 ,1750000 ,2000000 ,0 
Hillsborough,-36.922364,174.756509,2 ,2 ,1750000 ,2000000 ,0 
Hillsborough,-36.922364,174.756509,3 ,2 ,1750000 ,2000000 ,0 
Hillsborough,-36.922364,174.756509,1 ,3 ,1750000 ,2000000 ,0 
Hillsborough,-36.922364,174.756509,2 ,3 ,1750000 ,2000000 ,0 
Hillsborough,-36.922364,174.756509,3 ,3 ,1750000 ,2000000 ,0 
Mission Bay,-36.854553,174.83077,1 ,1 ,100000 ,250000 ,0 
Mission Bay,-36.854553,174.83077,2 ,1 ,100000 ,250000 ,1 
Mission Bay,-36.854553,174.83077,3 ,1 ,100000 ,250000 ,0 
Mission Bay,-36.854553,174.83077,1 ,2 ,100000 ,250000 ,0 
Mission Bay,-36.854553,174.83077,2 ,2 ,100000 ,250000 ,0 
Mission Bay,-36.854553,174.83077,3 ,2 ,100000 ,250000 ,0 
Mission Bay,-36.854553,174.83077,1 ,3 ,100000 ,250000 ,0 
Mission Bay,-36.854553,174.83077,2 ,3 ,100000 ,250000 ,0 
Mission Bay,-36.854553,174.83077,3 ,3 ,100000 ,250000 ,0 
Mission Bay,-36.854553,174.83077,1 ,1 ,250000 ,500000 ,0 
Mission Bay,-36.854553,174.83077,2 ,1 ,250000 ,500000 ,1 
Mission Bay,-36.854553,174.83077,3 ,1 ,250000 ,500000 ,0 
Mission Bay,-36.854553,174.83077,1 ,2 ,250000 ,500000 ,0 
Mission Bay,-36.854553,174.83077,2 ,2 ,250000 ,500000 ,0 
Mission Bay,-36.854553,174.83077,3 ,2 ,250000 ,500000 ,0 
Mission Bay,-36.854553,174.83077,1 ,3 ,250000 ,500000 ,0 
Mission Bay,-36.854553,174.83077,2 ,3 ,250000 ,500000 ,0 
Mission Bay,-36.854553,174.83077,3 ,3 ,250000 ,500000 ,0 
Mission Bay,-36.854553,174.83077,1 ,1 ,500000 ,750000 ,1 
Mission Bay,-36.854553,174.83077,2 ,1 ,500000 ,750000 ,0 
Mission Bay,-36.854553,174.83077,3 ,1 ,500000 ,750000 ,0 
Mission Bay,-36.854553,174.83077,1 ,2 ,500000 ,750000 ,0 
Mission Bay,-36.854553,174.83077,2 ,2 ,500000 ,750000 ,0 
Mission Bay,-36.854553,174.83077,3 ,2 ,500000 ,750000 ,0 
Mission Bay,-36.854553,174.83077,1 ,3 ,500000 ,750000 ,0 
Mission Bay,-36.854553,174.83077,2 ,3 ,500000 ,750000 ,0 
Mission Bay,-36.854553,174.83077,3 ,3 ,500000 ,750000 ,0 
Mission Bay,-36.854553,174.83077,1 ,1 ,750000 ,1000000 ,1 
Mission Bay,-36.854553,174.83077,2 ,1 ,750000 ,1000000 ,0 
Mission Bay,-36.854553,174.83077,3 ,1 ,750000 ,1000000 ,0 
Mission Bay,-36.854553,174.83077,1 ,2 ,750000 ,1000000 ,0 
Mission Bay,-36.854553,174.83077,2 ,2 ,750000 ,1000000 ,0 
Mission Bay,-36.854553,174.83077,3 ,2 ,750000 ,1000000 ,0 
Mission Bay,-36.854553,174.83077,1 ,3 ,750000 ,1000000 ,0 
Mission Bay,-36.854553,174.83077,2 ,3 ,750000 ,1000000 ,0 
Mission Bay,-36.854553,174.83077,3 ,3 ,750000 ,1000000 ,0 
Mission Bay,-36.854553,174.83077,1 ,1 ,1000000 ,1250000 ,0 
Mission Bay,-36.854553,174.83077,2 ,1 ,1000000 ,1250000 ,0 
Mission Bay,-36.854553,174.83077,3 ,1 ,1000000 ,1250000 ,1 
Mission Bay,-36.854553,174.83077,1 ,2 ,1000000 ,1250000 ,0 
Mission Bay,-36.854553,174.83077,2 ,2 ,1000000 ,1250000 ,1 
Mission Bay,-36.854553,174.83077,3 ,2 ,1000000 ,1250000 ,2 
Mission Bay,-36.854553,174.83077,1 ,3 ,1000000 ,1250000 ,0 
Mission Bay,-36.854553,174.83077,2 ,3 ,1000000 ,1250000 ,0 
Mission Bay,-36.854553,174.83077,3 ,3 ,1000000 ,1250000 ,0 
Mission Bay,-36.854553,174.83077,1 ,1 ,1250000 ,1500000 ,1 
Mission Bay,-36.854553,174.83077,2 ,1 ,1250000 ,1500000 ,0 
Mission Bay,-36.854553,174.83077,3 ,1 ,1250000 ,1500000 ,0 
Mission Bay,-36.854553,174.83077,1 ,2 ,1250000 ,1500000 ,0 
Mission Bay,-36.854553,174.83077,2 ,2 ,1250000 ,1500000 ,2 
Mission Bay,-36.854553,174.83077,3 ,2 ,1250000 ,1500000 ,2 
Mission Bay,-36.854553,174.83077,1 ,3 ,1250000 ,1500000 ,0 
Mission Bay,-36.854553,174.83077,2 ,3 ,1250000 ,1500000 ,0 
Mission Bay,-36.854553,174.83077,3 ,3 ,1250000 ,1500000 ,0 
Mission Bay,-36.854553,174.83077,1 ,1 ,1500000 ,1750000 ,1 
Mission Bay,-36.854553,174.83077,2 ,1 ,1500000 ,1750000 ,1 
Mission Bay,-36.854553,174.83077,3 ,1 ,1500000 ,1750000 ,0 
Mission Bay,-36.854553,174.83077,1 ,2 ,1500000 ,1750000 ,0 
Mission Bay,-36.854553,174.83077,2 ,2 ,1500000 ,1750000 ,0 
Mission Bay,-36.854553,174.83077,3 ,2 ,1500000 ,1750000 ,1 
Mission Bay,-36.854553,174.83077,1 ,3 ,1500000 ,1750000 ,0 
Mission Bay,-36.854553,174.83077,2 ,3 ,1500000 ,1750000 ,0 
Mission Bay,-36.854553,174.83077,3 ,3 ,1500000 ,1750000 ,0 
Mission Bay,-36.854553,174.83077,1 ,1 ,1750000 ,2000000 ,0 
Mission Bay,-36.854553,174.83077,2 ,1 ,1750000 ,2000000 ,1 
Mission Bay,-36.854553,174.83077,3 ,1 ,1750000 ,2000000 ,0 
Mission Bay,-36.854553,174.83077,1 ,2 ,1750000 ,2000000 ,0 
Mission Bay,-36.854553,174.83077,2 ,2 ,1750000 ,2000000 ,1 
Mission Bay,-36.854553,174.83077,3 ,2 ,1750000 ,2000000 ,1 
Mission Bay,-36.854553,174.83077,1 ,3 ,1750000 ,2000000 ,0 
Mission Bay,-36.854553,174.83077,2 ,3 ,1750000 ,2000000 ,0 
Mission Bay,-36.854553,174.83077,3 ,3 ,1750000 ,2000000 ,0 
Mount Albert,-36.883465,174.716922,1 ,1 ,100000 ,250000 ,1 
Mount Albert,-36.883465,174.716922,2 ,1 ,100000 ,250000 ,0 
Mount Albert,-36.883465,174.716922,3 ,1 ,100000 ,250000 ,1 
Mount Albert,-36.883465,174.716922,1 ,2 ,100000 ,250000 ,0 
Mount Albert,-36.883465,174.716922,2 ,2 ,100000 ,250000 ,0 
Mount Albert,-36.883465,174.716922,3 ,2 ,100000 ,250000 ,1 
Mount Albert,-36.883465,174.716922,1 ,3 ,100000 ,250000 ,0 
Mount Albert,-36.883465,174.716922,2 ,3 ,100000 ,250000 ,0 
Mount Albert,-36.883465,174.716922,3 ,3 ,100000 ,250000 ,0 
Mount Albert,-36.883465,174.716922,1 ,1 ,250000 ,500000 ,2 
Mount Albert,-36.883465,174.716922,2 ,1 ,250000 ,500000 ,1 
Mount Albert,-36.883465,174.716922,3 ,1 ,250000 ,500000 ,1 
Mount Albert,-36.883465,174.716922,1 ,2 ,250000 ,500000 ,0 
Mount Albert,-36.883465,174.716922,2 ,2 ,250000 ,500000 ,1 
Mount Albert,-36.883465,174.716922,3 ,2 ,250000 ,500000 ,0 
Mount Albert,-36.883465,174.716922,1 ,3 ,250000 ,500000 ,0 
Mount Albert,-36.883465,174.716922,2 ,3 ,250000 ,500000 ,0 
Mount Albert,-36.883465,174.716922,3 ,3 ,250000 ,500000 ,0 
Mount Albert,-36.883465,174.716922,1 ,1 ,500000 ,750000 ,3 
Mount Albert,-36.883465,174.716922,2 ,1 ,500000 ,750000 ,11 
Mount Albert,-36.883465,174.716922,3 ,1 ,500000 ,750000 ,2 
Mount Albert,-36.883465,174.716922,1 ,2 ,500000 ,750000 ,0 
Mount Albert,-36.883465,174.716922,2 ,2 ,500000 ,750000 ,2 
Mount Albert,-36.883465,174.716922,3 ,2 ,500000 ,750000 ,1 
Mount Albert,-36.883465,174.716922,1 ,3 ,500000 ,750000 ,0 
Mount Albert,-36.883465,174.716922,2 ,3 ,500000 ,750000 ,0 
Mount Albert,-36.883465,174.716922,3 ,3 ,500000 ,750000 ,0 
Mount Albert,-36.883465,174.716922,1 ,1 ,750000 ,1000000 ,0 
Mount Albert,-36.883465,174.716922,2 ,1 ,750000 ,1000000 ,2 
Mount Albert,-36.883465,174.716922,3 ,1 ,750000 ,1000000 ,1 
Mount Albert,-36.883465,174.716922,1 ,2 ,750000 ,1000000 ,0 
Mount Albert,-36.883465,174.716922,2 ,2 ,750000 ,1000000 ,1 
Mount Albert,-36.883465,174.716922,3 ,2 ,750000 ,1000000 ,1 
Mount Albert,-36.883465,174.716922,1 ,3 ,750000 ,1000000 ,0 
Mount Albert,-36.883465,174.716922,2 ,3 ,750000 ,1000000 ,0 
Mount Albert,-36.883465,174.716922,3 ,3 ,750000 ,1000000 ,0 
Mount Albert,-36.883465,174.716922,1 ,1 ,1000000 ,1250000 ,0 
Mount Albert,-36.883465,174.716922,2 ,1 ,1000000 ,1250000 ,0 
Mount Albert,-36.883465,174.716922,3 ,1 ,1000000 ,1250000 ,0 
Mount Albert,-36.883465,174.716922,1 ,2 ,1000000 ,1250000 ,0 
Mount Albert,-36.883465,174.716922,2 ,2 ,1000000 ,1250000 ,0 
Mount Albert,-36.883465,174.716922,3 ,2 ,1000000 ,1250000 ,0 
Mount Albert,-36.883465,174.716922,1 ,3 ,1000000 ,1250000 ,0 
Mount Albert,-36.883465,174.716922,2 ,3 ,1000000 ,1250000 ,0 
Mount Albert,-36.883465,174.716922,3 ,3 ,1000000 ,1250000 ,1 
Mount Albert,-36.883465,174.716922,1 ,1 ,1250000 ,1500000 ,0 
Mount Albert,-36.883465,174.716922,2 ,1 ,1250000 ,1500000 ,0 
Mount Albert,-36.883465,174.716922,3 ,1 ,1250000 ,1500000 ,2 
Mount Albert,-36.883465,174.716922,1 ,2 ,1250000 ,1500000 ,0 
Mount Albert,-36.883465,174.716922,2 ,2 ,1250000 ,1500000 ,0 
Mount Albert,-36.883465,174.716922,3 ,2 ,1250000 ,1500000 ,1 
Mount Albert,-36.883465,174.716922,1 ,3 ,1250000 ,1500000 ,0 
Mount Albert,-36.883465,174.716922,2 ,3 ,1250000 ,1500000 ,0 
Mount Albert,-36.883465,174.716922,3 ,3 ,1250000 ,1500000 ,0 
Mount Albert,-36.883465,174.716922,1 ,1 ,1500000 ,1750000 ,0 
Mount Albert,-36.883465,174.716922,2 ,1 ,1500000 ,1750000 ,1 
Mount Albert,-36.883465,174.716922,3 ,1 ,1500000 ,1750000 ,0 
Mount Albert,-36.883465,174.716922,1 ,2 ,1500000 ,1750000 ,0 
Mount Albert,-36.883465,174.716922,2 ,2 ,1500000 ,1750000 ,0 
Mount Albert,-36.883465,174.716922,3 ,2 ,1500000 ,1750000 ,0 
Mount Albert,-36.883465,174.716922,1 ,3 ,1500000 ,1750000 ,0 
Mount Albert,-36.883465,174.716922,2 ,3 ,1500000 ,1750000 ,0 
Mount Albert,-36.883465,174.716922,3 ,3 ,1500000 ,1750000 ,0 
Mount Albert,-36.883465,174.716922,1 ,1 ,1750000 ,2000000 ,0 
Mount Albert,-36.883465,174.716922,2 ,1 ,1750000 ,2000000 ,0 
Mount Albert,-36.883465,174.716922,3 ,1 ,1750000 ,2000000 ,0 
Mount Albert,-36.883465,174.716922,1 ,2 ,1750000 ,2000000 ,0 
Mount Albert,-36.883465,174.716922,2 ,2 ,1750000 ,2000000 ,0 
Mount Albert,-36.883465,174.716922,3 ,2 ,1750000 ,2000000 ,0 
Mount Albert,-36.883465,174.716922,1 ,3 ,1750000 ,2000000 ,0 
Mount Albert,-36.883465,174.716922,2 ,3 ,1750000 ,2000000 ,0 
Mount Albert,-36.883465,174.716922,3 ,3 ,1750000 ,2000000 ,1 
Mount Eden,-36.879269,174.76117,1 ,1 ,100000 ,250000 ,0 
Mount Eden,-36.879269,174.76117,2 ,1 ,100000 ,250000 ,0 
Mount Eden,-36.879269,174.76117,3 ,1 ,100000 ,250000 ,2 
Mount Eden,-36.879269,174.76117,1 ,2 ,100000 ,250000 ,0 
Mount Eden,-36.879269,174.76117,2 ,2 ,100000 ,250000 ,0 
Mount Eden,-36.879269,174.76117,3 ,2 ,100000 ,250000 ,0 
Mount Eden,-36.879269,174.76117,1 ,3 ,100000 ,250000 ,0 
Mount Eden,-36.879269,174.76117,2 ,3 ,100000 ,250000 ,0 
Mount Eden,-36.879269,174.76117,3 ,3 ,100000 ,250000 ,0 
Mount Eden,-36.879269,174.76117,1 ,1 ,250000 ,500000 ,7 
Mount Eden,-36.879269,174.76117,2 ,1 ,250000 ,500000 ,0 
Mount Eden,-36.879269,174.76117,3 ,1 ,250000 ,500000 ,0 
Mount Eden,-36.879269,174.76117,1 ,2 ,250000 ,500000 ,0 
Mount Eden,-36.879269,174.76117,2 ,2 ,250000 ,500000 ,0 
Mount Eden,-36.879269,174.76117,3 ,2 ,250000 ,500000 ,0 
Mount Eden,-36.879269,174.76117,1 ,3 ,250000 ,500000 ,0 
Mount Eden,-36.879269,174.76117,2 ,3 ,250000 ,500000 ,0 
Mount Eden,-36.879269,174.76117,3 ,3 ,250000 ,500000 ,0 
Mount Eden,-36.879269,174.76117,1 ,1 ,500000 ,750000 ,27 
Mount Eden,-36.879269,174.76117,2 ,1 ,500000 ,750000 ,5 
Mount Eden,-36.879269,174.76117,3 ,1 ,500000 ,750000 ,0 
Mount Eden,-36.879269,174.76117,1 ,2 ,500000 ,750000 ,0 
Mount Eden,-36.879269,174.76117,2 ,2 ,500000 ,750000 ,2 
Mount Eden,-36.879269,174.76117,3 ,2 ,500000 ,750000 ,0 
Mount Eden,-36.879269,174.76117,1 ,3 ,500000 ,750000 ,0 
Mount Eden,-36.879269,174.76117,2 ,3 ,500000 ,750000 ,0 
Mount Eden,-36.879269,174.76117,3 ,3 ,500000 ,750000 ,0 
Mount Eden,-36.879269,174.76117,1 ,1 ,750000 ,1000000 ,6 
Mount Eden,-36.879269,174.76117,2 ,1 ,750000 ,1000000 ,12 
Mount Eden,-36.879269,174.76117,3 ,1 ,750000 ,1000000 ,1 
Mount Eden,-36.879269,174.76117,1 ,2 ,750000 ,1000000 ,0 
Mount Eden,-36.879269,174.76117,2 ,2 ,750000 ,1000000 ,14 
Mount Eden,-36.879269,174.76117,3 ,2 ,750000 ,1000000 ,1 
Mount Eden,-36.879269,174.76117,1 ,3 ,750000 ,1000000 ,0 
Mount Eden,-36.879269,174.76117,2 ,3 ,750000 ,1000000 ,0 
Mount Eden,-36.879269,174.76117,3 ,3 ,750000 ,1000000 ,0 
Mount Eden,-36.879269,174.76117,1 ,1 ,1000000 ,1250000 ,0 
Mount Eden,-36.879269,174.76117,2 ,1 ,1000000 ,1250000 ,1 
Mount Eden,-36.879269,174.76117,3 ,1 ,1000000 ,1250000 ,0 
Mount Eden,-36.879269,174.76117,1 ,2 ,1000000 ,1250000 ,0 
Mount Eden,-36.879269,174.76117,2 ,2 ,1000000 ,1250000 ,4 
Mount Eden,-36.879269,174.76117,3 ,2 ,1000000 ,1250000 ,4 
Mount Eden,-36.879269,174.76117,1 ,3 ,1000000 ,1250000 ,0 
Mount Eden,-36.879269,174.76117,2 ,3 ,1000000 ,1250000 ,0 
Mount Eden,-36.879269,174.76117,3 ,3 ,1000000 ,1250000 ,0 
Mount Eden,-36.879269,174.76117,1 ,1 ,1250000 ,1500000 ,0 
Mount Eden,-36.879269,174.76117,2 ,1 ,1250000 ,1500000 ,0 
Mount Eden,-36.879269,174.76117,3 ,1 ,1250000 ,1500000 ,2 
Mount Eden,-36.879269,174.76117,1 ,2 ,1250000 ,1500000 ,0 
Mount Eden,-36.879269,174.76117,2 ,2 ,1250000 ,1500000 ,0 
Mount Eden,-36.879269,174.76117,3 ,2 ,1250000 ,1500000 ,1 
Mount Eden,-36.879269,174.76117,1 ,3 ,1250000 ,1500000 ,0 
Mount Eden,-36.879269,174.76117,2 ,3 ,1250000 ,1500000 ,0 
Mount Eden,-36.879269,174.76117,3 ,3 ,1250000 ,1500000 ,0 
Mount Eden,-36.879269,174.76117,1 ,1 ,1500000 ,1750000 ,0 
Mount Eden,-36.879269,174.76117,2 ,1 ,1500000 ,1750000 ,0 
Mount Eden,-36.879269,174.76117,3 ,1 ,1500000 ,1750000 ,2 
Mount Eden,-36.879269,174.76117,1 ,2 ,1500000 ,1750000 ,0 
Mount Eden,-36.879269,174.76117,2 ,2 ,1500000 ,1750000 ,0 
Mount Eden,-36.879269,174.76117,3 ,2 ,1500000 ,1750000 ,1 
Mount Eden,-36.879269,174.76117,1 ,3 ,1500000 ,1750000 ,0 
Mount Eden,-36.879269,174.76117,2 ,3 ,1500000 ,1750000 ,0 
Mount Eden,-36.879269,174.76117,3 ,3 ,1500000 ,1750000 ,1 
Mount Eden,-36.879269,174.76117,1 ,1 ,1750000 ,2000000 ,0 
Mount Eden,-36.879269,174.76117,2 ,1 ,1750000 ,2000000 ,0 
Mount Eden,-36.879269,174.76117,3 ,1 ,1750000 ,2000000 ,2 
Mount Eden,-36.879269,174.76117,1 ,2 ,1750000 ,2000000 ,0 
Mount Eden,-36.879269,174.76117,2 ,2 ,1750000 ,2000000 ,0 
Mount Eden,-36.879269,174.76117,3 ,2 ,1750000 ,2000000 ,4 
Mount Eden,-36.879269,174.76117,1 ,3 ,1750000 ,2000000 ,0 
Mount Eden,-36.879269,174.76117,2 ,3 ,1750000 ,2000000 ,0 
Mount Eden,-36.879269,174.76117,3 ,3 ,1750000 ,2000000 ,0 
Mount Roskill,-36.904565,174.741669,1 ,1 ,100000 ,250000 ,0 
Mount Roskill,-36.904565,174.741669,2 ,1 ,100000 ,250000 ,0 
Mount Roskill,-36.904565,174.741669,3 ,1 ,100000 ,250000 ,2 
Mount Roskill,-36.904565,174.741669,1 ,2 ,100000 ,250000 ,0 
Mount Roskill,-36.904565,174.741669,2 ,2 ,100000 ,250000 ,0 
Mount Roskill,-36.904565,174.741669,3 ,2 ,100000 ,250000 ,0 
Mount Roskill,-36.904565,174.741669,1 ,3 ,100000 ,250000 ,0 
Mount Roskill,-36.904565,174.741669,2 ,3 ,100000 ,250000 ,0 
Mount Roskill,-36.904565,174.741669,3 ,3 ,100000 ,250000 ,0 
Mount Roskill,-36.904565,174.741669,1 ,1 ,250000 ,500000 ,2 
Mount Roskill,-36.904565,174.741669,2 ,1 ,250000 ,500000 ,3 
Mount Roskill,-36.904565,174.741669,3 ,1 ,250000 ,500000 ,0 
Mount Roskill,-36.904565,174.741669,1 ,2 ,250000 ,500000 ,0 
Mount Roskill,-36.904565,174.741669,2 ,2 ,250000 ,500000 ,0 
Mount Roskill,-36.904565,174.741669,3 ,2 ,250000 ,500000 ,2 
Mount Roskill,-36.904565,174.741669,1 ,3 ,250000 ,500000 ,0 
Mount Roskill,-36.904565,174.741669,2 ,3 ,250000 ,500000 ,0 
Mount Roskill,-36.904565,174.741669,3 ,3 ,250000 ,500000 ,0 
Mount Roskill,-36.904565,174.741669,1 ,1 ,500000 ,750000 ,1 
Mount Roskill,-36.904565,174.741669,2 ,1 ,500000 ,750000 ,7 
Mount Roskill,-36.904565,174.741669,3 ,1 ,500000 ,750000 ,4 
Mount Roskill,-36.904565,174.741669,1 ,2 ,500000 ,750000 ,0 
Mount Roskill,-36.904565,174.741669,2 ,2 ,500000 ,750000 ,0 
Mount Roskill,-36.904565,174.741669,3 ,2 ,500000 ,750000 ,2 
Mount Roskill,-36.904565,174.741669,1 ,3 ,500000 ,750000 ,0 
Mount Roskill,-36.904565,174.741669,2 ,3 ,500000 ,750000 ,0 
Mount Roskill,-36.904565,174.741669,3 ,3 ,500000 ,750000 ,0 
Mount Roskill,-36.904565,174.741669,1 ,1 ,750000 ,1000000 ,0 
Mount Roskill,-36.904565,174.741669,2 ,1 ,750000 ,1000000 ,1 
Mount Roskill,-36.904565,174.741669,3 ,1 ,750000 ,1000000 ,15 
Mount Roskill,-36.904565,174.741669,1 ,2 ,750000 ,1000000 ,0 
Mount Roskill,-36.904565,174.741669,2 ,2 ,750000 ,1000000 ,0 
Mount Roskill,-36.904565,174.741669,3 ,2 ,750000 ,1000000 ,4 
Mount Roskill,-36.904565,174.741669,1 ,3 ,750000 ,1000000 ,0 
Mount Roskill,-36.904565,174.741669,2 ,3 ,750000 ,1000000 ,0 
Mount Roskill,-36.904565,174.741669,3 ,3 ,750000 ,1000000 ,0 
Mount Roskill,-36.904565,174.741669,1 ,1 ,1000000 ,1250000 ,0 
Mount Roskill,-36.904565,174.741669,2 ,1 ,1000000 ,1250000 ,0 
Mount Roskill,-36.904565,174.741669,3 ,1 ,1000000 ,1250000 ,3 
Mount Roskill,-36.904565,174.741669,1 ,2 ,1000000 ,1250000 ,0 
Mount Roskill,-36.904565,174.741669,2 ,2 ,1000000 ,1250000 ,0 
Mount Roskill,-36.904565,174.741669,3 ,2 ,1000000 ,1250000 ,2 
Mount Roskill,-36.904565,174.741669,1 ,3 ,1000000 ,1250000 ,0 
Mount Roskill,-36.904565,174.741669,2 ,3 ,1000000 ,1250000 ,0 
Mount Roskill,-36.904565,174.741669,3 ,3 ,1000000 ,1250000 ,0 
Mount Roskill,-36.904565,174.741669,1 ,1 ,1250000 ,1500000 ,0 
Mount Roskill,-36.904565,174.741669,2 ,1 ,1250000 ,1500000 ,0 
Mount Roskill,-36.904565,174.741669,3 ,1 ,1250000 ,1500000 ,1 
Mount Roskill,-36.904565,174.741669,1 ,2 ,1250000 ,1500000 ,0 
Mount Roskill,-36.904565,174.741669,2 ,2 ,1250000 ,1500000 ,0 
Mount Roskill,-36.904565,174.741669,3 ,2 ,1250000 ,1500000 ,2 
Mount Roskill,-36.904565,174.741669,1 ,3 ,1250000 ,1500000 ,0 
Mount Roskill,-36.904565,174.741669,2 ,3 ,1250000 ,1500000 ,0 
Mount Roskill,-36.904565,174.741669,3 ,3 ,1250000 ,1500000 ,0 
Mount Roskill,-36.904565,174.741669,1 ,1 ,1500000 ,1750000 ,0 
Mount Roskill,-36.904565,174.741669,2 ,1 ,1500000 ,1750000 ,0 
Mount Roskill,-36.904565,174.741669,3 ,1 ,1500000 ,1750000 ,0 
Mount Roskill,-36.904565,174.741669,1 ,2 ,1500000 ,1750000 ,0 
Mount Roskill,-36.904565,174.741669,2 ,2 ,1500000 ,1750000 ,0 
Mount Roskill,-36.904565,174.741669,3 ,2 ,1500000 ,1750000 ,1 
Mount Roskill,-36.904565,174.741669,1 ,3 ,1500000 ,1750000 ,0 
Mount Roskill,-36.904565,174.741669,2 ,3 ,1500000 ,1750000 ,0 
Mount Roskill,-36.904565,174.741669,3 ,3 ,1500000 ,1750000 ,0 
Mount Roskill,-36.904565,174.741669,1 ,1 ,1750000 ,2000000 ,0 
Mount Roskill,-36.904565,174.741669,2 ,1 ,1750000 ,2000000 ,0 
Mount Roskill,-36.904565,174.741669,3 ,1 ,1750000 ,2000000 ,1 
Mount Roskill,-36.904565,174.741669,1 ,2 ,1750000 ,2000000 ,0 
Mount Roskill,-36.904565,174.741669,2 ,2 ,1750000 ,2000000 ,0 
Mount Roskill,-36.904565,174.741669,3 ,2 ,1750000 ,2000000 ,0 
Mount Roskill,-36.904565,174.741669,1 ,3 ,1750000 ,2000000 ,0 
Mount Roskill,-36.904565,174.741669,2 ,3 ,1750000 ,2000000 ,0 
Mount Roskill,-36.904565,174.741669,3 ,3 ,1750000 ,2000000 ,0 
Mount Wellington,-36.907302,174.836546,1 ,1 ,100000 ,250000 ,0 
Mount Wellington,-36.907302,174.836546,2 ,1 ,100000 ,250000 ,1 
Mount Wellington,-36.907302,174.836546,3 ,1 ,100000 ,250000 ,1 
Mount Wellington,-36.907302,174.836546,1 ,2 ,100000 ,250000 ,0 
Mount Wellington,-36.907302,174.836546,2 ,2 ,100000 ,250000 ,0 
Mount Wellington,-36.907302,174.836546,3 ,2 ,100000 ,250000 ,0 
Mount Wellington,-36.907302,174.836546,1 ,3 ,100000 ,250000 ,0 
Mount Wellington,-36.907302,174.836546,2 ,3 ,100000 ,250000 ,0 
Mount Wellington,-36.907302,174.836546,3 ,3 ,100000 ,250000 ,0 
Mount Wellington,-36.907302,174.836546,1 ,1 ,250000 ,500000 ,5 
Mount Wellington,-36.907302,174.836546,2 ,1 ,250000 ,500000 ,5 
Mount Wellington,-36.907302,174.836546,3 ,1 ,250000 ,500000 ,2 
Mount Wellington,-36.907302,174.836546,1 ,2 ,250000 ,500000 ,0 
Mount Wellington,-36.907302,174.836546,2 ,2 ,250000 ,500000 ,0 
Mount Wellington,-36.907302,174.836546,3 ,2 ,250000 ,500000 ,0 
Mount Wellington,-36.907302,174.836546,1 ,3 ,250000 ,500000 ,0 
Mount Wellington,-36.907302,174.836546,2 ,3 ,250000 ,500000 ,0 
Mount Wellington,-36.907302,174.836546,3 ,3 ,250000 ,500000 ,0 
Mount Wellington,-36.907302,174.836546,1 ,1 ,500000 ,750000 ,4 
Mount Wellington,-36.907302,174.836546,2 ,1 ,500000 ,750000 ,19 
Mount Wellington,-36.907302,174.836546,3 ,1 ,500000 ,750000 ,11 
Mount Wellington,-36.907302,174.836546,1 ,2 ,500000 ,750000 ,0 
Mount Wellington,-36.907302,174.836546,2 ,2 ,500000 ,750000 ,5 
Mount Wellington,-36.907302,174.836546,3 ,2 ,500000 ,750000 ,1 
Mount Wellington,-36.907302,174.836546,1 ,3 ,500000 ,750000 ,0 
Mount Wellington,-36.907302,174.836546,2 ,3 ,500000 ,750000 ,0 
Mount Wellington,-36.907302,174.836546,3 ,3 ,500000 ,750000 ,0 
Mount Wellington,-36.907302,174.836546,1 ,1 ,750000 ,1000000 ,0 
Mount Wellington,-36.907302,174.836546,2 ,1 ,750000 ,1000000 ,5 
Mount Wellington,-36.907302,174.836546,3 ,1 ,750000 ,1000000 ,9 
Mount Wellington,-36.907302,174.836546,1 ,2 ,750000 ,1000000 ,0 
Mount Wellington,-36.907302,174.836546,2 ,2 ,750000 ,1000000 ,1 
Mount Wellington,-36.907302,174.836546,3 ,2 ,750000 ,1000000 ,10 
Mount Wellington,-36.907302,174.836546,1 ,3 ,750000 ,1000000 ,0 
Mount Wellington,-36.907302,174.836546,2 ,3 ,750000 ,1000000 ,0 
Mount Wellington,-36.907302,174.836546,3 ,3 ,750000 ,1000000 ,0 
Mount Wellington,-36.907302,174.836546,1 ,1 ,1000000 ,1250000 ,0 
Mount Wellington,-36.907302,174.836546,2 ,1 ,1000000 ,1250000 ,0 
Mount Wellington,-36.907302,174.836546,3 ,1 ,1000000 ,1250000 ,4 
Mount Wellington,-36.907302,174.836546,1 ,2 ,1000000 ,1250000 ,0 
Mount Wellington,-36.907302,174.836546,2 ,2 ,1000000 ,1250000 ,0 
Mount Wellington,-36.907302,174.836546,3 ,2 ,1000000 ,1250000 ,1 
Mount Wellington,-36.907302,174.836546,1 ,3 ,1000000 ,1250000 ,0 
Mount Wellington,-36.907302,174.836546,2 ,3 ,1000000 ,1250000 ,0 
Mount Wellington,-36.907302,174.836546,3 ,3 ,1000000 ,1250000 ,0 
Mount Wellington,-36.907302,174.836546,1 ,1 ,1250000 ,1500000 ,0 
Mount Wellington,-36.907302,174.836546,2 ,1 ,1250000 ,1500000 ,0 
Mount Wellington,-36.907302,174.836546,3 ,1 ,1250000 ,1500000 ,2 
Mount Wellington,-36.907302,174.836546,1 ,2 ,1250000 ,1500000 ,0 
Mount Wellington,-36.907302,174.836546,2 ,2 ,1250000 ,1500000 ,0 
Mount Wellington,-36.907302,174.836546,3 ,2 ,1250000 ,1500000 ,2 
Mount Wellington,-36.907302,174.836546,1 ,3 ,1250000 ,1500000 ,0 
Mount Wellington,-36.907302,174.836546,2 ,3 ,1250000 ,1500000 ,0 
Mount Wellington,-36.907302,174.836546,3 ,3 ,1250000 ,1500000 ,0 
Mount Wellington,-36.907302,174.836546,1 ,1 ,1500000 ,1750000 ,0 
Mount Wellington,-36.907302,174.836546,2 ,1 ,1500000 ,1750000 ,0 
Mount Wellington,-36.907302,174.836546,3 ,1 ,1500000 ,1750000 ,1 
Mount Wellington,-36.907302,174.836546,1 ,2 ,1500000 ,1750000 ,0 
Mount Wellington,-36.907302,174.836546,2 ,2 ,1500000 ,1750000 ,0 
Mount Wellington,-36.907302,174.836546,3 ,2 ,1500000 ,1750000 ,0 
Mount Wellington,-36.907302,174.836546,1 ,3 ,1500000 ,1750000 ,0 
Mount Wellington,-36.907302,174.836546,2 ,3 ,1500000 ,1750000 ,0 
Mount Wellington,-36.907302,174.836546,3 ,3 ,1500000 ,1750000 ,0 
Mount Wellington,-36.907302,174.836546,1 ,1 ,1750000 ,2000000 ,0 
Mount Wellington,-36.907302,174.836546,2 ,1 ,1750000 ,2000000 ,0 
Mount Wellington,-36.907302,174.836546,3 ,1 ,1750000 ,2000000 ,0 
Mount Wellington,-36.907302,174.836546,1 ,2 ,1750000 ,2000000 ,0 
Mount Wellington,-36.907302,174.836546,2 ,2 ,1750000 ,2000000 ,0 
Mount Wellington,-36.907302,174.836546,3 ,2 ,1750000 ,2000000 ,0 
Mount Wellington,-36.907302,174.836546,1 ,3 ,1750000 ,2000000 ,0 
Mount Wellington,-36.907302,174.836546,2 ,3 ,1750000 ,2000000 ,0 
Mount Wellington,-36.907302,174.836546,3 ,3 ,1750000 ,2000000 ,0 
Onehunga,-36.919904,174.784383,1 ,1 ,100000 ,250000 ,0 
Onehunga,-36.919904,174.784383,2 ,1 ,100000 ,250000 ,0 
Onehunga,-36.919904,174.784383,3 ,1 ,100000 ,250000 ,0 
Onehunga,-36.919904,174.784383,1 ,2 ,100000 ,250000 ,0 
Onehunga,-36.919904,174.784383,2 ,2 ,100000 ,250000 ,0 
Onehunga,-36.919904,174.784383,3 ,2 ,100000 ,250000 ,0 
Onehunga,-36.919904,174.784383,1 ,3 ,100000 ,250000 ,0 
Onehunga,-36.919904,174.784383,2 ,3 ,100000 ,250000 ,0 
Onehunga,-36.919904,174.784383,3 ,3 ,100000 ,250000 ,0 
Onehunga,-36.919904,174.784383,1 ,1 ,250000 ,500000 ,3 
Onehunga,-36.919904,174.784383,2 ,1 ,250000 ,500000 ,1 
Onehunga,-36.919904,174.784383,3 ,1 ,250000 ,500000 ,0 
Onehunga,-36.919904,174.784383,1 ,2 ,250000 ,500000 ,0 
Onehunga,-36.919904,174.784383,2 ,2 ,250000 ,500000 ,0 
Onehunga,-36.919904,174.784383,3 ,2 ,250000 ,500000 ,0 
Onehunga,-36.919904,174.784383,1 ,3 ,250000 ,500000 ,0 
Onehunga,-36.919904,174.784383,2 ,3 ,250000 ,500000 ,0 
Onehunga,-36.919904,174.784383,3 ,3 ,250000 ,500000 ,0 
Onehunga,-36.919904,174.784383,1 ,1 ,500000 ,750000 ,5 
Onehunga,-36.919904,174.784383,2 ,1 ,500000 ,750000 ,9 
Onehunga,-36.919904,174.784383,3 ,1 ,500000 ,750000 ,3 
Onehunga,-36.919904,174.784383,1 ,2 ,500000 ,750000 ,0 
Onehunga,-36.919904,174.784383,2 ,2 ,500000 ,750000 ,1 
Onehunga,-36.919904,174.784383,3 ,2 ,500000 ,750000 ,0 
Onehunga,-36.919904,174.784383,1 ,3 ,500000 ,750000 ,0 
Onehunga,-36.919904,174.784383,2 ,3 ,500000 ,750000 ,0 
Onehunga,-36.919904,174.784383,3 ,3 ,500000 ,750000 ,0 
Onehunga,-36.919904,174.784383,1 ,1 ,750000 ,1000000 ,0 
Onehunga,-36.919904,174.784383,2 ,1 ,750000 ,1000000 ,3 
Onehunga,-36.919904,174.784383,3 ,1 ,750000 ,1000000 ,5 
Onehunga,-36.919904,174.784383,1 ,2 ,750000 ,1000000 ,0 
Onehunga,-36.919904,174.784383,2 ,2 ,750000 ,1000000 ,1 
Onehunga,-36.919904,174.784383,3 ,2 ,750000 ,1000000 ,3 
Onehunga,-36.919904,174.784383,1 ,3 ,750000 ,1000000 ,0 
Onehunga,-36.919904,174.784383,2 ,3 ,750000 ,1000000 ,0 
Onehunga,-36.919904,174.784383,3 ,3 ,750000 ,1000000 ,0 
Onehunga,-36.919904,174.784383,1 ,1 ,1000000 ,1250000 ,0 
Onehunga,-36.919904,174.784383,2 ,1 ,1000000 ,1250000 ,0 
Onehunga,-36.919904,174.784383,3 ,1 ,1000000 ,1250000 ,0 
Onehunga,-36.919904,174.784383,1 ,2 ,1000000 ,1250000 ,0 
Onehunga,-36.919904,174.784383,2 ,2 ,1000000 ,1250000 ,0 
Onehunga,-36.919904,174.784383,3 ,2 ,1000000 ,1250000 ,7 
Onehunga,-36.919904,174.784383,1 ,3 ,1000000 ,1250000 ,0 
Onehunga,-36.919904,174.784383,2 ,3 ,1000000 ,1250000 ,0 
Onehunga,-36.919904,174.784383,3 ,3 ,1000000 ,1250000 ,0 
Onehunga,-36.919904,174.784383,1 ,1 ,1250000 ,1500000 ,0 
Onehunga,-36.919904,174.784383,2 ,1 ,1250000 ,1500000 ,0 
Onehunga,-36.919904,174.784383,3 ,1 ,1250000 ,1500000 ,0 
Onehunga,-36.919904,174.784383,1 ,2 ,1250000 ,1500000 ,0 
Onehunga,-36.919904,174.784383,2 ,2 ,1250000 ,1500000 ,0 
Onehunga,-36.919904,174.784383,3 ,2 ,1250000 ,1500000 ,4 
Onehunga,-36.919904,174.784383,1 ,3 ,1250000 ,1500000 ,0 
Onehunga,-36.919904,174.784383,2 ,3 ,1250000 ,1500000 ,0 
Onehunga,-36.919904,174.784383,3 ,3 ,1250000 ,1500000 ,0 
Onehunga,-36.919904,174.784383,1 ,1 ,1500000 ,1750000 ,0 
Onehunga,-36.919904,174.784383,2 ,1 ,1500000 ,1750000 ,0 
Onehunga,-36.919904,174.784383,3 ,1 ,1500000 ,1750000 ,1 
Onehunga,-36.919904,174.784383,1 ,2 ,1500000 ,1750000 ,0 
Onehunga,-36.919904,174.784383,2 ,2 ,1500000 ,1750000 ,0 
Onehunga,-36.919904,174.784383,3 ,2 ,1500000 ,1750000 ,1 
Onehunga,-36.919904,174.784383,1 ,3 ,1500000 ,1750000 ,0 
Onehunga,-36.919904,174.784383,2 ,3 ,1500000 ,1750000 ,0 
Onehunga,-36.919904,174.784383,3 ,3 ,1500000 ,1750000 ,0 
Onehunga,-36.919904,174.784383,1 ,1 ,1750000 ,2000000 ,0 
Onehunga,-36.919904,174.784383,2 ,1 ,1750000 ,2000000 ,0 
Onehunga,-36.919904,174.784383,3 ,1 ,1750000 ,2000000 ,0 
Onehunga,-36.919904,174.784383,1 ,2 ,1750000 ,2000000 ,0 
Onehunga,-36.919904,174.784383,2 ,2 ,1750000 ,2000000 ,0 
Onehunga,-36.919904,174.784383,3 ,2 ,1750000 ,2000000 ,1 
Onehunga,-36.919904,174.784383,1 ,3 ,1750000 ,2000000 ,0 
Onehunga,-36.919904,174.784383,2 ,3 ,1750000 ,2000000 ,0 
Onehunga,-36.919904,174.784383,3 ,3 ,1750000 ,2000000 ,0 
Parnell,-36.854714,174.778953,1 ,1 ,100000 ,250000 ,0 
Parnell,-36.854714,174.778953,2 ,1 ,100000 ,250000 ,0 
Parnell,-36.854714,174.778953,3 ,1 ,100000 ,250000 ,0 
Parnell,-36.854714,174.778953,1 ,2 ,100000 ,250000 ,0 
Parnell,-36.854714,174.778953,2 ,2 ,100000 ,250000 ,0 
Parnell,-36.854714,174.778953,3 ,2 ,100000 ,250000 ,0 
Parnell,-36.854714,174.778953,1 ,3 ,100000 ,250000 ,0 
Parnell,-36.854714,174.778953,2 ,3 ,100000 ,250000 ,0 
Parnell,-36.854714,174.778953,3 ,3 ,100000 ,250000 ,0 
Parnell,-36.854714,174.778953,1 ,1 ,250000 ,500000 ,1 
Parnell,-36.854714,174.778953,2 ,1 ,250000 ,500000 ,1 
Parnell,-36.854714,174.778953,3 ,1 ,250000 ,500000 ,0 
Parnell,-36.854714,174.778953,1 ,2 ,250000 ,500000 ,0 
Parnell,-36.854714,174.778953,2 ,2 ,250000 ,500000 ,0 
Parnell,-36.854714,174.778953,3 ,2 ,250000 ,500000 ,8 
Parnell,-36.854714,174.778953,1 ,3 ,250000 ,500000 ,0 
Parnell,-36.854714,174.778953,2 ,3 ,250000 ,500000 ,0 
Parnell,-36.854714,174.778953,3 ,3 ,250000 ,500000 ,0 
Parnell,-36.854714,174.778953,1 ,1 ,500000 ,750000 ,2 
Parnell,-36.854714,174.778953,2 ,1 ,500000 ,750000 ,2 
Parnell,-36.854714,174.778953,3 ,1 ,500000 ,750000 ,0 
Parnell,-36.854714,174.778953,1 ,2 ,500000 ,750000 ,0 
Parnell,-36.854714,174.778953,2 ,2 ,500000 ,750000 ,0 
Parnell,-36.854714,174.778953,3 ,2 ,500000 ,750000 ,1 
Parnell,-36.854714,174.778953,1 ,3 ,500000 ,750000 ,0 
Parnell,-36.854714,174.778953,2 ,3 ,500000 ,750000 ,0 
Parnell,-36.854714,174.778953,3 ,3 ,500000 ,750000 ,0 
Parnell,-36.854714,174.778953,1 ,1 ,750000 ,1000000 ,0 
Parnell,-36.854714,174.778953,2 ,1 ,750000 ,1000000 ,4 
Parnell,-36.854714,174.778953,3 ,1 ,750000 ,1000000 ,0 
Parnell,-36.854714,174.778953,1 ,2 ,750000 ,1000000 ,0 
Parnell,-36.854714,174.778953,2 ,2 ,750000 ,1000000 ,1 
Parnell,-36.854714,174.778953,3 ,2 ,750000 ,1000000 ,0 
Parnell,-36.854714,174.778953,1 ,3 ,750000 ,1000000 ,0 
Parnell,-36.854714,174.778953,2 ,3 ,750000 ,1000000 ,0 
Parnell,-36.854714,174.778953,3 ,3 ,750000 ,1000000 ,0 
Parnell,-36.854714,174.778953,1 ,1 ,1000000 ,1250000 ,0 
Parnell,-36.854714,174.778953,2 ,1 ,1000000 ,1250000 ,0 
Parnell,-36.854714,174.778953,3 ,1 ,1000000 ,1250000 ,0 
Parnell,-36.854714,174.778953,1 ,2 ,1000000 ,1250000 ,0 
Parnell,-36.854714,174.778953,2 ,2 ,1000000 ,1250000 ,2 
Parnell,-36.854714,174.778953,3 ,2 ,1000000 ,1250000 ,0 
Parnell,-36.854714,174.778953,1 ,3 ,1000000 ,1250000 ,0 
Parnell,-36.854714,174.778953,2 ,3 ,1000000 ,1250000 ,0 
Parnell,-36.854714,174.778953,3 ,3 ,1000000 ,1250000 ,0 
Parnell,-36.854714,174.778953,1 ,1 ,1250000 ,1500000 ,0 
Parnell,-36.854714,174.778953,2 ,1 ,1250000 ,1500000 ,0 
Parnell,-36.854714,174.778953,3 ,1 ,1250000 ,1500000 ,0 
Parnell,-36.854714,174.778953,1 ,2 ,1250000 ,1500000 ,0 
Parnell,-36.854714,174.778953,2 ,2 ,1250000 ,1500000 ,0 
Parnell,-36.854714,174.778953,3 ,2 ,1250000 ,1500000 ,4 
Parnell,-36.854714,174.778953,1 ,3 ,1250000 ,1500000 ,0 
Parnell,-36.854714,174.778953,2 ,3 ,1250000 ,1500000 ,0 
Parnell,-36.854714,174.778953,3 ,3 ,1250000 ,1500000 ,0 
Parnell,-36.854714,174.778953,1 ,1 ,1500000 ,1750000 ,0 
Parnell,-36.854714,174.778953,2 ,1 ,1500000 ,1750000 ,0 
Parnell,-36.854714,174.778953,3 ,1 ,1500000 ,1750000 ,0 
Parnell,-36.854714,174.778953,1 ,2 ,1500000 ,1750000 ,0 
Parnell,-36.854714,174.778953,2 ,2 ,1500000 ,1750000 ,0 
Parnell,-36.854714,174.778953,3 ,2 ,1500000 ,1750000 ,1 
Parnell,-36.854714,174.778953,1 ,3 ,1500000 ,1750000 ,0 
Parnell,-36.854714,174.778953,2 ,3 ,1500000 ,1750000 ,0 
Parnell,-36.854714,174.778953,3 ,3 ,1500000 ,1750000 ,1 
Parnell,-36.854714,174.778953,1 ,1 ,1750000 ,2000000 ,0 
Parnell,-36.854714,174.778953,2 ,1 ,1750000 ,2000000 ,0 
Parnell,-36.854714,174.778953,3 ,1 ,1750000 ,2000000 ,0 
Parnell,-36.854714,174.778953,1 ,2 ,1750000 ,2000000 ,0 
Parnell,-36.854714,174.778953,2 ,2 ,1750000 ,2000000 ,0 
Parnell,-36.854714,174.778953,3 ,2 ,1750000 ,2000000 ,1 
Parnell,-36.854714,174.778953,1 ,3 ,1750000 ,2000000 ,0 
Parnell,-36.854714,174.778953,2 ,3 ,1750000 ,2000000 ,0 
Parnell,-36.854714,174.778953,3 ,3 ,1750000 ,2000000 ,0 
Remuera,-36.880266,174.800277,1 ,1 ,100000 ,250000 ,0 
Remuera,-36.880266,174.800277,2 ,1 ,100000 ,250000 ,0 
Remuera,-36.880266,174.800277,3 ,1 ,100000 ,250000 ,1 
Remuera,-36.880266,174.800277,1 ,2 ,100000 ,250000 ,0 
Remuera,-36.880266,174.800277,2 ,2 ,100000 ,250000 ,0 
Remuera,-36.880266,174.800277,3 ,2 ,100000 ,250000 ,0 
Remuera,-36.880266,174.800277,1 ,3 ,100000 ,250000 ,0 
Remuera,-36.880266,174.800277,2 ,3 ,100000 ,250000 ,0 
Remuera,-36.880266,174.800277,3 ,3 ,100000 ,250000 ,0 
Remuera,-36.880266,174.800277,1 ,1 ,250000 ,500000 ,0 
Remuera,-36.880266,174.800277,2 ,1 ,250000 ,500000 ,0 
Remuera,-36.880266,174.800277,3 ,1 ,250000 ,500000 ,0 
Remuera,-36.880266,174.800277,1 ,2 ,250000 ,500000 ,0 
Remuera,-36.880266,174.800277,2 ,2 ,250000 ,500000 ,0 
Remuera,-36.880266,174.800277,3 ,2 ,250000 ,500000 ,0 
Remuera,-36.880266,174.800277,1 ,3 ,250000 ,500000 ,0 
Remuera,-36.880266,174.800277,2 ,3 ,250000 ,500000 ,0 
Remuera,-36.880266,174.800277,3 ,3 ,250000 ,500000 ,0 
Remuera,-36.880266,174.800277,1 ,1 ,500000 ,750000 ,0 
Remuera,-36.880266,174.800277,2 ,1 ,500000 ,750000 ,1 
Remuera,-36.880266,174.800277,3 ,1 ,500000 ,750000 ,0 
Remuera,-36.880266,174.800277,1 ,2 ,500000 ,750000 ,0 
Remuera,-36.880266,174.800277,2 ,2 ,500000 ,750000 ,0 
Remuera,-36.880266,174.800277,3 ,2 ,500000 ,750000 ,0 
Remuera,-36.880266,174.800277,1 ,3 ,500000 ,750000 ,0 
Remuera,-36.880266,174.800277,2 ,3 ,500000 ,750000 ,0 
Remuera,-36.880266,174.800277,3 ,3 ,500000 ,750000 ,0 
Remuera,-36.880266,174.800277,1 ,1 ,750000 ,1000000 ,1 
Remuera,-36.880266,174.800277,2 ,1 ,750000 ,1000000 ,7 
Remuera,-36.880266,174.800277,3 ,1 ,750000 ,1000000 ,2 
Remuera,-36.880266,174.800277,1 ,2 ,750000 ,1000000 ,0 
Remuera,-36.880266,174.800277,2 ,2 ,750000 ,1000000 ,2 
Remuera,-36.880266,174.800277,3 ,2 ,750000 ,1000000 ,2 
Remuera,-36.880266,174.800277,1 ,3 ,750000 ,1000000 ,0 
Remuera,-36.880266,174.800277,2 ,3 ,750000 ,1000000 ,0 
Remuera,-36.880266,174.800277,3 ,3 ,750000 ,1000000 ,0 
Remuera,-36.880266,174.800277,1 ,1 ,1000000 ,1250000 ,0 
Remuera,-36.880266,174.800277,2 ,1 ,1000000 ,1250000 ,2 
Remuera,-36.880266,174.800277,3 ,1 ,1000000 ,1250000 ,2 
Remuera,-36.880266,174.800277,1 ,2 ,1000000 ,1250000 ,0 
Remuera,-36.880266,174.800277,2 ,2 ,1000000 ,1250000 ,1 
Remuera,-36.880266,174.800277,3 ,2 ,1000000 ,1250000 ,4 
Remuera,-36.880266,174.800277,1 ,3 ,1000000 ,1250000 ,0 
Remuera,-36.880266,174.800277,2 ,3 ,1000000 ,1250000 ,0 
Remuera,-36.880266,174.800277,3 ,3 ,1000000 ,1250000 ,0 
Remuera,-36.880266,174.800277,1 ,1 ,1250000 ,1500000 ,0 
Remuera,-36.880266,174.800277,2 ,1 ,1250000 ,1500000 ,3 
Remuera,-36.880266,174.800277,3 ,1 ,1250000 ,1500000 ,1 
Remuera,-36.880266,174.800277,1 ,2 ,1250000 ,1500000 ,0 
Remuera,-36.880266,174.800277,2 ,2 ,1250000 ,1500000 ,1 
Remuera,-36.880266,174.800277,3 ,2 ,1250000 ,1500000 ,5 
Remuera,-36.880266,174.800277,1 ,3 ,1250000 ,1500000 ,0 
Remuera,-36.880266,174.800277,2 ,3 ,1250000 ,1500000 ,0 
Remuera,-36.880266,174.800277,3 ,3 ,1250000 ,1500000 ,0 
Remuera,-36.880266,174.800277,1 ,1 ,1500000 ,1750000 ,0 
Remuera,-36.880266,174.800277,2 ,1 ,1500000 ,1750000 ,0 
Remuera,-36.880266,174.800277,3 ,1 ,1500000 ,1750000 ,2 
Remuera,-36.880266,174.800277,1 ,2 ,1500000 ,1750000 ,0 
Remuera,-36.880266,174.800277,2 ,2 ,1500000 ,1750000 ,2 
Remuera,-36.880266,174.800277,3 ,2 ,1500000 ,1750000 ,4 
Remuera,-36.880266,174.800277,1 ,3 ,1500000 ,1750000 ,0 
Remuera,-36.880266,174.800277,2 ,3 ,1500000 ,1750000 ,0 
Remuera,-36.880266,174.800277,3 ,3 ,1500000 ,1750000 ,0 
Remuera,-36.880266,174.800277,1 ,1 ,1750000 ,2000000 ,0 
Remuera,-36.880266,174.800277,2 ,1 ,1750000 ,2000000 ,0 
Remuera,-36.880266,174.800277,3 ,1 ,1750000 ,2000000 ,2 
Remuera,-36.880266,174.800277,1 ,2 ,1750000 ,2000000 ,0 
Remuera,-36.880266,174.800277,2 ,2 ,1750000 ,2000000 ,2 
Remuera,-36.880266,174.800277,3 ,2 ,1750000 ,2000000 ,2 
Remuera,-36.880266,174.800277,1 ,3 ,1750000 ,2000000 ,0 
Remuera,-36.880266,174.800277,2 ,3 ,1750000 ,2000000 ,0 
Remuera,-36.880266,174.800277,3 ,3 ,1750000 ,2000000 ,2 
Saint Heliers,-36.857916,174.852333,1 ,1 ,100000 ,250000 ,0 
Saint Heliers,-36.857916,174.852333,2 ,1 ,100000 ,250000 ,0 
Saint Heliers,-36.857916,174.852333,3 ,1 ,100000 ,250000 ,0 
Saint Heliers,-36.857916,174.852333,1 ,2 ,100000 ,250000 ,0 
Saint Heliers,-36.857916,174.852333,2 ,2 ,100000 ,250000 ,0 
Saint Heliers,-36.857916,174.852333,3 ,2 ,100000 ,250000 ,0 
Saint Heliers,-36.857916,174.852333,1 ,3 ,100000 ,250000 ,0 
Saint Heliers,-36.857916,174.852333,2 ,3 ,100000 ,250000 ,0 
Saint Heliers,-36.857916,174.852333,3 ,3 ,100000 ,250000 ,0 
Saint Heliers,-36.857916,174.852333,1 ,1 ,250000 ,500000 ,0 
Saint Heliers,-36.857916,174.852333,2 ,1 ,250000 ,500000 ,0 
Saint Heliers,-36.857916,174.852333,3 ,1 ,250000 ,500000 ,0 
Saint Heliers,-36.857916,174.852333,1 ,2 ,250000 ,500000 ,0 
Saint Heliers,-36.857916,174.852333,2 ,2 ,250000 ,500000 ,0 
Saint Heliers,-36.857916,174.852333,3 ,2 ,250000 ,500000 ,0 
Saint Heliers,-36.857916,174.852333,1 ,3 ,250000 ,500000 ,0 
Saint Heliers,-36.857916,174.852333,2 ,3 ,250000 ,500000 ,0 
Saint Heliers,-36.857916,174.852333,3 ,3 ,250000 ,500000 ,0 
Saint Heliers,-36.857916,174.852333,1 ,1 ,500000 ,750000 ,0 
Saint Heliers,-36.857916,174.852333,2 ,1 ,500000 ,750000 ,0 
Saint Heliers,-36.857916,174.852333,3 ,1 ,500000 ,750000 ,0 
Saint Heliers,-36.857916,174.852333,1 ,2 ,500000 ,750000 ,0 
Saint Heliers,-36.857916,174.852333,2 ,2 ,500000 ,750000 ,0 
Saint Heliers,-36.857916,174.852333,3 ,2 ,500000 ,750000 ,0 
Saint Heliers,-36.857916,174.852333,1 ,3 ,500000 ,750000 ,0 
Saint Heliers,-36.857916,174.852333,2 ,3 ,500000 ,750000 ,0 
Saint Heliers,-36.857916,174.852333,3 ,3 ,500000 ,750000 ,0 
Saint Heliers,-36.857916,174.852333,1 ,1 ,750000 ,1000000 ,0 
Saint Heliers,-36.857916,174.852333,2 ,1 ,750000 ,1000000 ,0 
Saint Heliers,-36.857916,174.852333,3 ,1 ,750000 ,1000000 ,1 
Saint Heliers,-36.857916,174.852333,1 ,2 ,750000 ,1000000 ,0 
Saint Heliers,-36.857916,174.852333,2 ,2 ,750000 ,1000000 ,1 
Saint Heliers,-36.857916,174.852333,3 ,2 ,750000 ,1000000 ,0 
Saint Heliers,-36.857916,174.852333,1 ,3 ,750000 ,1000000 ,0 
Saint Heliers,-36.857916,174.852333,2 ,3 ,750000 ,1000000 ,0 
Saint Heliers,-36.857916,174.852333,3 ,3 ,750000 ,1000000 ,0 
Saint Heliers,-36.857916,174.852333,1 ,1 ,1000000 ,1250000 ,0 
Saint Heliers,-36.857916,174.852333,2 ,1 ,1000000 ,1250000 ,1 
Saint Heliers,-36.857916,174.852333,3 ,1 ,1000000 ,1250000 ,0 
Saint Heliers,-36.857916,174.852333,1 ,2 ,1000000 ,1250000 ,0 
Saint Heliers,-36.857916,174.852333,2 ,2 ,1000000 ,1250000 ,0 
Saint Heliers,-36.857916,174.852333,3 ,2 ,1000000 ,1250000 ,0 
Saint Heliers,-36.857916,174.852333,1 ,3 ,1000000 ,1250000 ,0 
Saint Heliers,-36.857916,174.852333,2 ,3 ,1000000 ,1250000 ,0 
Saint Heliers,-36.857916,174.852333,3 ,3 ,1000000 ,1250000 ,0 
Saint Heliers,-36.857916,174.852333,1 ,1 ,1250000 ,1500000 ,0 
Saint Heliers,-36.857916,174.852333,2 ,1 ,1250000 ,1500000 ,0 
Saint Heliers,-36.857916,174.852333,3 ,1 ,1250000 ,1500000 ,0 
Saint Heliers,-36.857916,174.852333,1 ,2 ,1250000 ,1500000 ,0 
Saint Heliers,-36.857916,174.852333,2 ,2 ,1250000 ,1500000 ,0 
Saint Heliers,-36.857916,174.852333,3 ,2 ,1250000 ,1500000 ,0 
Saint Heliers,-36.857916,174.852333,1 ,3 ,1250000 ,1500000 ,0 
Saint Heliers,-36.857916,174.852333,2 ,3 ,1250000 ,1500000 ,0 
Saint Heliers,-36.857916,174.852333,3 ,3 ,1250000 ,1500000 ,0 
Saint Heliers,-36.857916,174.852333,1 ,1 ,1500000 ,1750000 ,0 
Saint Heliers,-36.857916,174.852333,2 ,1 ,1500000 ,1750000 ,1 
Saint Heliers,-36.857916,174.852333,3 ,1 ,1500000 ,1750000 ,0 
Saint Heliers,-36.857916,174.852333,1 ,2 ,1500000 ,1750000 ,0 
Saint Heliers,-36.857916,174.852333,2 ,2 ,1500000 ,1750000 ,0 
Saint Heliers,-36.857916,174.852333,3 ,2 ,1500000 ,1750000 ,0 
Saint Heliers,-36.857916,174.852333,1 ,3 ,1500000 ,1750000 ,0 
Saint Heliers,-36.857916,174.852333,2 ,3 ,1500000 ,1750000 ,0 
Saint Heliers,-36.857916,174.852333,3 ,3 ,1500000 ,1750000 ,0 
Saint Heliers,-36.857916,174.852333,1 ,1 ,1750000 ,2000000 ,0 
Saint Heliers,-36.857916,174.852333,2 ,1 ,1750000 ,2000000 ,0 
Saint Heliers,-36.857916,174.852333,3 ,1 ,1750000 ,2000000 ,0 
Saint Heliers,-36.857916,174.852333,1 ,2 ,1750000 ,2000000 ,0 
Saint Heliers,-36.857916,174.852333,2 ,2 ,1750000 ,2000000 ,0 
Saint Heliers,-36.857916,174.852333,3 ,2 ,1750000 ,2000000 ,0 
Saint Heliers,-36.857916,174.852333,1 ,3 ,1750000 ,2000000 ,0 
Saint Heliers,-36.857916,174.852333,2 ,3 ,1750000 ,2000000 ,0 
Saint Heliers,-36.857916,174.852333,3 ,3 ,1750000 ,2000000 ,1 
