Date,New Zealand,Main Urban Areas,Auckland Area,Wellington Area,Far North District,Whangarei District,Kaipara District,Rodney District,Rodney - Hibiscus Coast,Rodney - North,North Shore City,North Shore - Coastal,North Shore - Onewa,North Shore - North Harbour,Waitakere City,Auckland City,Auckland City - Central,Auckland_City - East,Auckland City - South,Auckland City - Islands,Manukau City,Manukau - East,Manukau - Central,Manukau - North West,Papakura District,Franklin District,Thames-Coromandel District,Hauraki District,Waikato District,Matamata-Piako District,Hamilton City,Hamilton - North East,Hamilton - Central & North West,Hamilton - South East,Hamilton - South West,Waipa District,Otorohanga District,South Waikato District,Waitomo District,Taupo District,Western Bay of Plenty District,Tauranga City,Rotorua District,Whakatane District,Kawerau District,Opotiki District,Gisborne District,Wairoa District,Hastings District,Napier City,Central Hawkes Bay District,New Plymouth District,Stratford District,South Taranaki District,Ruapehu District,Whanganui District,Rangitikei District,Manawatu District,Palmerston North City,Tararua District,Horowhenua District,Kapiti Coast District,Porirua City,Upper Hutt City,Lower Hutt City,Wellington City,Wellington - Central & South,Wellington - East,Wellington - North,Wellington - West,Masterton District,Carterton District,South Wairarapa District,Tasman District,Nelson City,Marlborough District,Kaikoura District,Buller District,Grey District,Westland District,Hurunui District,Waimakariri District,Christchurch City,Christchurch - East,Christchurch - Hills,Christchurch - Central & North,Christchurch - Southwest,Christchurch - Banks Peninsula,Selwyn District,Ashburton District,Timaru District,MacKenzie District,Waimate District,Waitaki District,Central Otago District,Queenstown-Lakes District,Dunedin City,Dunedin - Central & North,Dunedin - Peninsular & Coastal,Dunedin - South,Dunedin - Taieri,Clutha District,Southland District,Gore District,Invercargill City
2014-01-01,467499 ,543745 ,695215 ,452427 ,300444 ,335273 ,325117 ,644006 ,640174 ,648149 ,820155 ,944439 ,657307 ,786895 ,544202 ,820924 ,720580 ,1026410 ,734261 ,733442 ,580074 ,773540 ,441958 ,474183 ,422887 ,448462 ,501403 ,249689 ,282781 ,269792 ,360656 ,452481 ,339206 ,333780 ,316568 ,334678 ,214925 ,129790 ,140315 ,338804 ,402216 ,439974 ,273213 ,295474 ,105034 ,202427 ,235643 ,150584 ,300730 ,325275 ,199156 ,346370 ,204619 ,182579 ,146624 ,186560 ,145746 ,239353 ,287384 ,155535 ,200578 ,369826 ,379118 ,341521 ,372791 ,534748 ,541426 ,577178 ,470546 ,613990 ,242729 ,258810 ,299756 ,407322 ,401953 ,340898 ,350816 ,212712 ,227033 ,235312 ,348352 ,400425 ,456131 ,340803 ,625165 ,529107 ,428632 ,489773 ,487046 ,313420 ,276072 ,298151 ,200748 ,213798 ,313368 ,653950 ,289078 ,298836 ,260529 ,279227 ,298582 ,161669 ,195746 ,188762 ,205258 
2014-02-01,468484 ,544360 ,695499 ,453493 ,302551 ,335477 ,322571 ,647434 ,637849 ,658738 ,822833 ,945605 ,660111 ,793142 ,543208 ,818724 ,724200 ,1025584 ,730235 ,731468 ,581562 ,773770 ,444608 ,476331 ,428104 ,452474 ,502014 ,251524 ,279844 ,269202 ,362983 ,455553 ,340572 ,336124 ,319468 ,334342 ,199621 ,130516 ,142984 ,334207 ,402091 ,440621 ,275697 ,289371 ,103849 ,212151 ,236789 ,153051 ,301571 ,323555 ,200450 ,346359 ,201601 ,180537 ,146278 ,184032 ,145214 ,239351 ,287381 ,151974 ,200106 ,368905 ,379370 ,336772 ,375983 ,536797 ,542486 ,578374 ,472283 ,618379 ,238824 ,261071 ,302735 ,411695 ,402553 ,342744 ,345484 ,208703 ,215099 ,229676 ,341699 ,399762 ,457744 ,342654 ,623035 ,531258 ,428578 ,497678 ,492192 ,313835 ,275215 ,297795 ,198837 ,217896 ,314247 ,661594 ,288624 ,297308 ,261197 ,279108 ,299203 ,159212 ,200655 ,185445 ,205737 
2014-03-01,466665 ,542932 ,699659 ,454530 ,302077 ,338922 ,328581 ,654079 ,645390 ,664700 ,825287 ,947285 ,660957 ,797229 ,548683 ,826721 ,742345 ,1035956 ,732046 ,729114 ,580572 ,766956 ,447729 ,477518 ,426442 ,457363 ,500762 ,244868 ,275890 ,269384 ,361522 ,454643 ,336111 ,337353 ,318454 ,333983 ,191311 ,131190 ,,331580 ,409493 ,443723 ,277115 ,295951 ,105579 ,207507 ,235074 ,148697 ,300071 ,324902 ,205302 ,348467 ,195469 ,180854 ,139399 ,183636 ,141117 ,240919 ,286413 ,152882 ,202775 ,368028 ,375916 ,335295 ,377966 ,539133 ,546872 ,580347 ,472005 ,623224 ,240332 ,257891 ,302548 ,416036 ,399835 ,343165 ,359167 ,210013 ,225229 ,226774 ,331832 ,401323 ,448219 ,337000 ,605170 ,526894 ,425219 ,468141 ,494227 ,312384 ,274778 ,297043 ,203926 ,218428 ,315565 ,667851 ,289734 ,298396 ,266180 ,276487 ,301411 ,159991 ,202732 ,181888 ,206971 
2014-04-01,468383 ,546466 ,705867 ,455214 ,304538 ,338647 ,330431 ,661801 ,657903 ,666875 ,834468 ,957454 ,663918 ,810601 ,550408 ,836620 ,756272 ,1043098 ,740993 ,749813 ,585820 ,779965 ,448890 ,478654 ,430762 ,459642 ,498771 ,241670 ,275737 ,268879 ,363850 ,459840 ,340896 ,334946 ,319726 ,335260 ,187781 ,128296 ,,338362 ,412729 ,449331 ,274984 ,293295 ,96804 ,205864 ,231128 ,157587 ,300924 ,325051 ,208341 ,350344 ,195833 ,179227 ,139339 ,184307 ,140436 ,241313 ,287624 ,154275 ,206447 ,372387 ,376952 ,334359 ,379429 ,539779 ,546611 ,582474 ,472827 ,622837 ,235447 ,253819 ,301386 ,416950 ,403248 ,346573 ,353415 ,212360 ,218370 ,229980 ,333098 ,401116 ,451794 ,339715 ,604697 ,532043 ,428985 ,468617 ,493210 ,314682 ,276705 ,292821 ,198761 ,219460 ,311022 ,668448 ,289853 ,297923 ,266334 ,277648 ,301459 ,160013 ,207260 ,181299 ,206508 
2014-05-01,471791 ,550167 ,713709 ,452099 ,298087 ,336978 ,332003 ,667621 ,662200 ,674127 ,849285 ,979249 ,671717 ,819008 ,557723 ,842769 ,758115 ,1050074 ,749414 ,742673 ,592397 ,791855 ,452297 ,483724 ,431004 ,467349 ,505370 ,241583 ,285595 ,269490 ,364004 ,458577 ,341192 ,334266 ,320624 ,338039 ,194186 ,128371 ,173307 ,345649 ,417637 ,450614 ,273458 ,293996 ,100438 ,205487 ,229543 ,155866 ,301547 ,324721 ,210538 ,350673 ,198041 ,179889 ,128967 ,181293 ,146127 ,239779 ,286701 ,154659 ,205604 ,375344 ,373947 ,332342 ,376163 ,535606 ,545640 ,574954 ,471122 ,612648 ,234630 ,260273 ,298036 ,416459 ,401566 ,346230 ,364413 ,210490 ,226180 ,230960 ,341134 ,404972 ,456962 ,343584 ,626090 ,535278 ,436395 ,456386 ,495137 ,320961 ,281665 ,291563 ,196335 ,219960 ,314022 ,668791 ,289964 ,296950 ,268931 ,280762 ,299845 ,162487 ,206870 ,175751 ,209719 
2014-06-01,476346 ,555521 ,718285 ,452649 ,296275 ,333294 ,336642 ,674090 ,667236 ,682422 ,852928 ,980553 ,676100 ,830372 ,561506 ,848024 ,747533 ,1068590 ,754469 ,732527 ,597199 ,800047 ,454283 ,486982 ,431142 ,468940 ,507209 ,237433 ,287276 ,275104 ,365549 ,460476 ,340566 ,334732 ,323526 ,340418 ,196277 ,125365 ,131779 ,342553 ,415877 ,452431 ,268486 ,297636 ,104167 ,206133 ,228959 ,157789 ,300145 ,325095 ,210326 ,350891 ,200451 ,182969 ,138421 ,180041 ,147780 ,239862 ,285050 ,152643 ,205764 ,375081 ,378373 ,336043 ,372998 ,535962 ,549287 ,569682 ,472441 ,607584 ,236152 ,258522 ,300003 ,410318 ,400554 ,348086 ,366186 ,206718 ,216367 ,232235 ,340551 ,405007 ,459617 ,344183 ,637998 ,536600 ,440232 ,462532 ,504609 ,323494 ,280066 ,285679 ,192613 ,220305 ,313350 ,664353 ,288609 ,297138 ,260769 ,280796 ,297772 ,166917 ,206422 ,177748 ,211625 
2014-07-01,479193 ,558131 ,720426 ,451154 ,296816 ,335044 ,338319 ,678208 ,670890 ,687905 ,857239 ,990893 ,680340 ,823106 ,564875 ,844957 ,747278 ,1054285 ,757207 ,742297 ,598838 ,801616 ,455532 ,489377 ,431444 ,465090 ,509039 ,234828 ,286237 ,278852 ,363118 ,456414 ,338375 ,334087 ,321253 ,341194 ,201428 ,126632 ,134775 ,342312 ,410366 ,454570 ,270592 ,294705 ,105711 ,209890 ,229699 ,153325 ,297796 ,323775 ,210605 ,349480 ,202899 ,183057 ,136091 ,177919 ,147563 ,240994 ,284963 ,147710 ,205958 ,374454 ,376399 ,333513 ,370566 ,535559 ,546894 ,569977 ,472151 ,610959 ,235962 ,264826 ,301984 ,413611 ,401579 ,345061 ,367671 ,207288 ,212805 ,227723 ,335478 ,406184 ,461176 ,345208 ,631241 ,538728 ,442054 ,470485 ,505602 ,321402 ,281282 ,280627 ,195046 ,223138 ,321721 ,676230 ,290658 ,299535 ,267892 ,280458 ,299838 ,168319 ,202973 ,180236 ,207492 
2014-08-01,479967 ,559890 ,726627 ,449838 ,300458 ,337977 ,330825 ,685473 ,684496 ,689444 ,857990 ,991684 ,678511 ,827990 ,567678 ,857341 ,758518 ,1069375 ,766079 ,779560 ,604852 ,805150 ,461753 ,496589 ,435731 ,468233 ,505148 ,227261 ,284366 ,280346 ,363243 ,458703 ,339202 ,332718 ,319224 ,339712 ,184223 ,126381 ,139697 ,333029 ,411965 ,454167 ,271188 ,294950 ,108313 ,218208 ,230808 ,149570 ,294662 ,324829 ,211646 ,349566 ,203462 ,179822 ,136793 ,178428 ,144688 ,241289 ,284130 ,148499 ,202453 ,372688 ,372969 ,335497 ,368344 ,534300 ,543169 ,574925 ,471219 ,606772 ,239799 ,268162 ,306794 ,412548 ,402701 ,346737 ,364308 ,207155 ,214594 ,232101 ,342363 ,405124 ,462086 ,343957 ,623448 ,540843 ,443648 ,481149 ,505405 ,315670 ,281954 ,283958 ,196247 ,219998 ,324940 ,667584 ,288920 ,296610 ,265138 ,279804 ,299251 ,166185 ,205669 ,186263 ,205252 
2014-09-01,481497 ,561762 ,731302 ,448644 ,304327 ,338274 ,332092 ,680760 ,677178 ,686403 ,864488 ,999355 ,682090 ,833400 ,570595 ,861978 ,760734 ,1075883 ,768570 ,802322 ,609974 ,810928 ,468110 ,500293 ,438569 ,475690 ,513330 ,237133 ,283046 ,277075 ,362299 ,456142 ,340636 ,330509 ,319920 ,340920 ,185212 ,122351 ,125739 ,333055 ,417685 ,452225 ,276959 ,292892 ,109141 ,218590 ,232250 ,142257 ,295559 ,329108 ,207336 ,350569 ,203353 ,182355 ,133587 ,179228 ,144914 ,235753 ,284880 ,150100 ,202158 ,376988 ,370982 ,333922 ,369578 ,533396 ,540295 ,576028 ,469802 ,608363 ,239538 ,270273 ,305009 ,415598 ,405688 ,339693 ,366421 ,205505 ,211598 ,240565 ,328904 ,407643 ,461218 ,344391 ,618508 ,540968 ,442190 ,474717 ,507316 ,317690 ,283315 ,283604 ,203291 ,223089 ,325226 ,669999 ,289472 ,297462 ,264192 ,279434 ,300735 ,157738 ,206539 ,183753 ,207103 
2014-10-01,484307 ,566435 ,738083 ,449913 ,305070 ,338881 ,328471 ,685227 ,680184 ,691840 ,876122 ,1012863 ,690906 ,847407 ,577598 ,870149 ,764836 ,1092603 ,776301 ,797648 ,614514 ,813996 ,474316 ,504654 ,438604 ,479161 ,507928 ,239564 ,276071 ,271230 ,363753 ,457587 ,337596 ,332857 ,324790 ,342400 ,183850 ,125932 ,139464 ,329369 ,422814 ,451665 ,271242 ,290482 ,106350 ,211227 ,232253 ,143332 ,296516 ,328197 ,195821 ,352975 ,202550 ,182798 ,132631 ,181532 ,143301 ,235903 ,285971 ,152340 ,202349 ,373914 ,375152 ,336151 ,367293 ,536332 ,543665 ,583520 ,470524 ,612964 ,241174 ,270654 ,305568 ,411148 ,407449 ,344226 ,365540 ,200154 ,222631 ,234320 ,336049 ,409265 ,463646 ,346383 ,617443 ,543403 ,444932 ,486449 ,506201 ,322364 ,286936 ,276246 ,198933 ,224415 ,321665 ,692508 ,290100 ,297053 ,263829 ,280059 ,302614 ,166066 ,206055 ,183960 ,202871 
2014-11-01,483424 ,567526 ,748955 ,450447 ,306122 ,337371 ,335871 ,675302 ,670579 ,681194 ,876863 ,996804 ,712298 ,849779 ,582168 ,892140 ,776610 ,1121524 ,802348 ,747260 ,623727 ,817024 ,474395 ,522545 ,451149 ,481425 ,505979 ,233700 ,280665 ,267845 ,367509 ,463068 ,338363 ,338786 ,326300 ,345303 ,194393 ,126394 ,140155 ,333560 ,422071 ,455196 ,268857 ,294271 ,102290 ,205592 ,227968 ,144745 ,296571 ,326343 ,202730 ,354685 ,197990 ,186461 ,134934 ,181898 ,143056 ,239878 ,288383 ,152049 ,204687 ,378617 ,379299 ,334206 ,368099 ,537500 ,545263 ,586358 ,469389 ,616535 ,237569 ,262491 ,298767 ,415212 ,409126 ,344559 ,350808 ,202092 ,220714 ,228458 ,334410 ,411737 ,466814 ,350668 ,624100 ,548065 ,445780 ,480540 ,508696 ,327190 ,291173 ,280246 ,200008 ,221689 ,318926 ,692271 ,291598 ,300737 ,265068 ,278274 ,304145 ,166443 ,206194 ,182676 ,204574 
2014-12-01,488674 ,575053 ,761858 ,453366 ,308125 ,337190 ,339643 ,686579 ,681661 ,692586 ,893263 ,1016669 ,727282 ,860260 ,595498 ,907819 ,789752 ,1137909 ,819352 ,767788 ,630167 ,825278 ,479063 ,529243 ,463342 ,483529 ,507093 ,238356 ,287059 ,278741 ,371819 ,468100 ,344506 ,342030 ,328673 ,347999 ,182165 ,130477 ,136179 ,337511 ,423562 ,458521 ,269876 ,302299 ,103391 ,197082 ,225617 ,147069 ,297673 ,328251 ,201592 ,357617 ,201493 ,185794 ,138465 ,182365 ,142772 ,242304 ,289439 ,150712 ,203725 ,377868 ,379342 ,334652 ,369261 ,541093 ,552105 ,592682 ,471642 ,614826 ,236537 ,260467 ,298231 ,414947 ,410363 ,346589 ,343478 ,202019 ,224530 ,227620 ,346738 ,414248 ,469742 ,351189 ,626857 ,551899 ,449896 ,486868 ,510418 ,328349 ,289474 ,291749 ,200937 ,221790 ,318988 ,693045 ,292220 ,300925 ,270935 ,278627 ,304430 ,165335 ,205423 ,184210 ,204705 
2015-01-01,494083 ,582244 ,775555 ,455902 ,311873 ,339697 ,347122 ,694036 ,688433 ,700889 ,910335 ,1037961 ,739657 ,873419 ,605823 ,927671 ,800951 ,1166134 ,837426 ,794011 ,641337 ,840777 ,486516 ,537829 ,470709 ,487124 ,512694 ,241414 ,291323 ,282162 ,373266 ,470629 ,345881 ,343052 ,328976 ,351373 ,200185 ,130171 ,151872 ,340405 ,424202 ,457481 ,270990 ,301000 ,101503 ,185673 ,225047 ,145833 ,299096 ,328774 ,206505 ,356202 ,199632 ,181722 ,139109 ,181704 ,145424 ,241363 ,290805 ,153342 ,204791 ,379642 ,378793 ,333082 ,373539 ,543754 ,556631 ,591308 ,474257 ,617316 ,236798 ,266450 ,298798 ,419943 ,409236 ,346233 ,351267 ,200463 ,219706 ,232198 ,346288 ,414872 ,471550 ,351635 ,624886 ,554811 ,453082 ,482473 ,513498 ,327565 ,292283 ,305386 ,207288 ,221732 ,319534 ,697560 ,293033 ,302534 ,270330 ,279282 ,304763 ,161531 ,203716 ,182644 ,206755 
2015-02-01,498614 ,588268 ,786106 ,457557 ,305841 ,341855 ,345996 ,701966 ,699245 ,705236 ,924579 ,1060843 ,747256 ,879851 ,617267 ,938466 ,811493 ,1176965 ,848043 ,814239 ,652233 ,855612 ,493404 ,548107 ,474949 ,488424 ,517797 ,248804 ,291653 ,286522 ,373846 ,470575 ,346260 ,347532 ,327143 ,353253 ,202217 ,127996 ,156011 ,342193 ,427043 ,461731 ,272091 ,297148 ,109707 ,198097 ,228052 ,146913 ,299904 ,329604 ,208515 ,355304 ,189706 ,182486 ,133210 ,180604 ,143469 ,242108 ,290500 ,148830 ,200826 ,379567 ,378330 ,335918 ,374157 ,545830 ,555523 ,591878 ,480124 ,617682 ,237430 ,270106 ,298795 ,422236 ,408151 ,348794 ,358887 ,192955 ,219885 ,231494 ,338745 ,415705 ,473083 ,353513 ,628444 ,555000 ,455106 ,480553 ,516099 ,325894 ,294692 ,313642 ,205733 ,221857 ,317764 ,705964 ,292179 ,302167 ,270161 ,278073 ,303385 ,165847 ,206707 ,183099 ,209243 
2015-03-01,502411 ,593412 ,796649 ,456879 ,302825 ,347095 ,345828 ,707259 ,702437 ,712839 ,935891 ,1072468 ,754149 ,897152 ,626268 ,954660 ,826509 ,1195389 ,863264 ,830476 ,661431 ,870424 ,499190 ,555043 ,480939 ,494946 ,520923 ,251273 ,293200 ,284463 ,373661 ,471128 ,346993 ,345643 ,327096 ,353268 ,201102 ,124849 ,158282 ,343544 ,419448 ,466378 ,268628 ,295444 ,104629 ,201301 ,229158 ,147698 ,302103 ,328848 ,213472 ,357061 ,192033 ,184359 ,129347 ,180541 ,141680 ,245136 ,289325 ,150175 ,204723 ,378438 ,379242 ,337003 ,374538 ,544607 ,552419 ,591356 ,480133 ,616159 ,239643 ,274116 ,302512 ,419517 ,410205 ,353392 ,353298 ,198252 ,218747 ,228774 ,338485 ,415181 ,472130 ,353063 ,636634 ,552194 ,454621 ,477643 ,518718 ,325192 ,298495 ,316939 ,210060 ,225104 ,319769 ,715787 ,291454 ,303242 ,267187 ,275252 ,303637 ,167692 ,203325 ,183197 ,208612 
2015-04-01,507040 ,600363 ,809200 ,458295 ,301831 ,344748 ,341857 ,713147 ,709615 ,717396 ,948651 ,1082096 ,771829 ,908325 ,640429 ,970360 ,840967 ,1204656 ,883497 ,848530 ,673007 ,885698 ,510154 ,562889 ,489323 ,500344 ,519678 ,248524 ,294784 ,288047 ,375879 ,475704 ,351807 ,344347 ,329240 ,357168 ,205920 ,126594 ,156346 ,345541 ,420513 ,475281 ,275919 ,294908 ,103057 ,211106 ,227934 ,147970 ,304937 ,330242 ,218339 ,358399 ,202057 ,185399 ,130119 ,181440 ,140124 ,243111 ,289853 ,154239 ,205631 ,380626 ,382019 ,339208 ,376200 ,545448 ,549777 ,591892 ,480594 ,626895 ,242407 ,267895 ,303686 ,417548 ,412011 ,350959 ,345169 ,206787 ,221464 ,226127 ,340036 ,413434 ,473053 ,353835 ,643578 ,553551 ,453201 ,487341 ,520858 ,328582 ,298052 ,314179 ,209310 ,225522 ,322793 ,715482 ,291556 ,302419 ,267261 ,275951 ,304441 ,167623 ,206575 ,179323 ,207673 
2015-05-01,514232 ,610891 ,828502 ,457908 ,303431 ,350040 ,343015 ,721948 ,714506 ,730709 ,973684 ,1112840 ,788970 ,934079 ,656880 ,992227 ,856063 ,1241408 ,901031 ,835061 ,689147 ,905622 ,524198 ,576699 ,506213 ,512419 ,521815 ,256292 ,298444 ,284133 ,379022 ,481512 ,353866 ,346792 ,331976 ,356895 ,206585 ,129340 ,163392 ,345052 ,424824 ,480727 ,276865 ,299680 ,103702 ,210985 ,225390 ,149578 ,306993 ,328921 ,216750 ,358858 ,206053 ,183606 ,135777 ,182228 ,141856 ,241514 ,290568 ,152892 ,208338 ,380809 ,382368 ,337317 ,375943 ,545132 ,552724 ,590776 ,476082 ,628804 ,243345 ,265722 ,305942 ,421024 ,412534 ,353959 ,356329 ,208731 ,215686 ,225888 ,348594 ,415972 ,474403 ,355382 ,648713 ,555931 ,453155 ,484613 ,520532 ,328340 ,300959 ,307216 ,208869 ,227452 ,326480 ,717130 ,293446 ,302369 ,274295 ,279328 ,305448 ,168391 ,210486 ,181757 ,208458 
2015-06-01,520585 ,619250 ,840165 ,459366 ,307368 ,348590 ,350907 ,730774 ,722321 ,740723 ,988124 ,1128224 ,803207 ,946419 ,670454 ,1003144 ,862943 ,1254506 ,915976 ,825724 ,699425 ,917703 ,534266 ,585259 ,511075 ,518827 ,522424 ,259033 ,305103 ,284629 ,381793 ,484686 ,357632 ,347755 ,335524 ,359264 ,206953 ,128306 ,164233 ,345003 ,435732 ,485561 ,272508 ,304273 ,107763 ,199049 ,227197 ,151762 ,309570 ,330156 ,217232 ,359696 ,200786 ,186156 ,130895 ,183866 ,142338 ,241579 ,291459 ,153906 ,206465 ,383255 ,383240 ,337345 ,377698 ,546577 ,553747 ,591617 ,479607 ,629262 ,243092 ,263341 ,304239 ,415394 ,413239 ,352449 ,372890 ,189375 ,211916 ,231952 ,346065 ,417649 ,474269 ,357719 ,642357 ,555394 ,452374 ,488100 ,518329 ,325146 ,301508 ,310324 ,203954 ,229553 ,328285 ,719562 ,296048 ,305077 ,278122 ,284685 ,305221 ,167959 ,212794 ,178920 ,208191 
2015-07-01,527760 ,628722 ,855672 ,458250 ,312903 ,351837 ,366908 ,740977 ,734361 ,748808 ,1007836 ,1148505 ,823563 ,964036 ,687021 ,1014873 ,873702 ,1266529 ,930377 ,832061 ,715919 ,931586 ,554633 ,600481 ,527214 ,532965 ,526115 ,259898 ,305152 ,285146 ,390113 ,495243 ,363319 ,357521 ,343228 ,361285 ,193998 ,128826 ,157070 ,347652 ,434438 ,489734 ,271414 ,302958 ,101977 ,200829 ,226887 ,144519 ,309499 ,329825 ,207457 ,359947 ,198914 ,185813 ,128375 ,181330 ,142541 ,244085 ,292977 ,152220 ,208027 ,380564 ,381991 ,337397 ,375237 ,546481 ,552253 ,600391 ,479051 ,627196 ,238364 ,269213 ,305380 ,422913 ,414989 ,352985 ,364181 ,185541 ,215313 ,229386 ,349889 ,419144 ,475322 ,359355 ,643820 ,555575 ,453253 ,496472 ,516040 ,326941 ,305434 ,305363 ,199220 ,227818 ,330258 ,717021 ,298928 ,310929 ,277370 ,284751 ,306900 ,168595 ,216705 ,184621 ,207367 
2015-08-01,534331 ,637912 ,874851 ,457266 ,318869 ,353402 ,363663 ,752114 ,742137 ,763926 ,1030064 ,1174413 ,845538 ,979487 ,703242 ,1032460 ,889787 ,1282105 ,945957 ,873774 ,738037 ,956068 ,575372 ,620426 ,546791 ,546187 ,526962 ,263593 ,309819 ,286896 ,400811 ,508304 ,373562 ,368178 ,352986 ,362249 ,194784 ,134552 ,145488 ,353748 ,441642 ,493054 ,273754 ,299398 ,101670 ,203767 ,229039 ,141757 ,312185 ,332720 ,204394 ,361993 ,201891 ,183734 ,127588 ,181207 ,141893 ,244562 ,294294 ,149455 ,207073 ,382257 ,380751 ,334954 ,373074 ,546914 ,554268 ,593768 ,481129 ,626611 ,233416 ,271064 ,301264 ,424510 ,415682 ,353157 ,350913 ,191486 ,221101 ,234359 ,356025 ,417430 ,476317 ,361162 ,641937 ,557121 ,454205 ,490844 ,516716 ,327010 ,307866 ,304367 ,198610 ,229153 ,331673 ,731093 ,299508 ,310933 ,275543 ,284394 ,309753 ,165313 ,213474 ,186950 ,207960 
2015-09-01,542277 ,649583 ,896676 ,456281 ,319072 ,362021 ,357835 ,764673 ,755114 ,775595 ,1052150 ,1205681 ,856484 ,998257 ,720411 ,1057035 ,913900 ,1310291 ,969825 ,883138 ,762626 ,978114 ,595925 ,646673 ,569096 ,553965 ,534464 ,259162 ,313584 ,288032 ,416290 ,528449 ,388703 ,382048 ,365330 ,366586 ,200931 ,138549 ,144296 ,351739 ,444664 ,502771 ,283391 ,299040 ,105265 ,211814 ,230754 ,145208 ,311835 ,333411 ,208914 ,362382 ,205130 ,187951 ,131825 ,180774 ,144747 ,245146 ,296028 ,148279 ,208790 ,384805 ,380889 ,336993 ,372248 ,546105 ,554942 ,589547 ,478897 ,630151 ,233537 ,267694 ,312644 ,426852 ,417934 ,358750 ,342677 ,197946 ,210768 ,238173 ,360061 ,416003 ,474814 ,360358 ,637248 ,553927 ,454186 ,495215 ,516773 ,331250 ,310844 ,310219 ,203893 ,230462 ,332771 ,734050 ,302651 ,314659 ,273146 ,288733 ,313412 ,166298 ,212871 ,187074 ,209735 
2015-10-01,552345 ,664096 ,918153 ,461571 ,322542 ,364728 ,362845 ,784590 ,770429 ,800175 ,1075812 ,1231872 ,869417 ,1031185 ,737781 ,1079473 ,934353 ,1344454 ,984539 ,886925 ,783791 ,1005888 ,613798 ,662825 ,587435 ,563275 ,539877 ,261070 ,323274 ,294591 ,429829 ,541727 ,399198 ,395671 ,379954 ,376183 ,207243 ,141513 ,147251 ,353858 ,448638 ,513325 ,287911 ,301840 ,101787 ,214482 ,232330 ,147292 ,314654 ,335433 ,212498 ,366172 ,212074 ,186637 ,133622 ,182687 ,143930 ,248729 ,297253 ,147378 ,208913 ,386460 ,386108 ,338987 ,375820 ,553291 ,564067 ,589788 ,486750 ,637536 ,237357 ,262279 ,304519 ,430573 ,425169 ,358784 ,360035 ,194919 ,211327 ,231944 ,365191 ,414846 ,476207 ,361229 ,635739 ,559848 ,453417 ,477298 ,515083 ,334512 ,312119 ,323706 ,207344 ,231194 ,336555 ,750809 ,302329 ,315396 ,272903 ,285970 ,314461 ,162768 ,209499 ,185129 ,214023 
2015-11-01,555729 ,667220 ,931807 ,468902 ,328038 ,373559 ,357569 ,801398 ,789822 ,814954 ,1088059 ,1244613 ,877753 ,1048381 ,747664 ,1095480 ,951386 ,1367684 ,994392 ,900946 ,796950 ,1019388 ,622567 ,676901 ,595557 ,575259 ,544861 ,262553 ,330568 ,303531 ,435848 ,554583 ,406515 ,396811 ,383684 ,381310 ,215935 ,144039 ,145655 ,356724 ,452944 ,525758 ,291963 ,307205 ,103741 ,218616 ,232128 ,145867 ,317612 ,338960 ,213234 ,373450 ,213471 ,188755 ,131274 ,184696 ,144644 ,252439 ,298847 ,150797 ,210957 ,388890 ,391273 ,344625 ,383531 ,558211 ,564985 ,608460 ,489284 ,643393 ,241442 ,260614 ,311263 ,434123 ,424022 ,362991 ,372788 ,191377 ,212192 ,229912 ,358486 ,417122 ,480464 ,364385 ,649558 ,565568 ,455177 ,487377 ,522414 ,338255 ,312663 ,330962 ,210944 ,230138 ,337421 ,756665 ,306614 ,323425 ,280648 ,287399 ,316037 ,167203 ,212662 ,184396 ,214880 
2015-12-01,558146 ,669091 ,933264 ,476634 ,328687 ,380592 ,365763 ,815353 ,804163 ,828212 ,1089745 ,1244765 ,878235 ,1053882 ,748011 ,1095838 ,950815 ,1373235 ,991153 ,906239 ,796027 ,1021890 ,619257 ,677480 ,601717 ,580110 ,546926 ,271721 ,344298 ,308130 ,444211 ,561436 ,416497 ,406574 ,392860 ,389792 ,226071 ,139451 ,147515 ,362444 ,464732 ,541881 ,295082 ,310290 ,110062 ,215732 ,230662 ,148126 ,322613 ,343843 ,219067 ,372385 ,209578 ,188235 ,133390 ,189161 ,146693 ,253559 ,301466 ,154386 ,213309 ,390917 ,397607 ,347249 ,388177 ,569370 ,573201 ,624730 ,499707 ,657850 ,243648 ,265700 ,316877 ,436255 ,428608 ,366057 ,369868 ,189415 ,202218 ,231455 ,356101 ,417036 ,482043 ,366011 ,653696 ,567476 ,455464 ,489905 ,524346 ,341748 ,314046 ,328640 ,215195 ,232366 ,344080 ,776671 ,308944 ,324600 ,277251 ,291984 ,319020 ,163669 ,212616 ,183917 ,215327 
2016-01-01,556206 ,664401 ,928921 ,482716 ,328622 ,386876 ,368580 ,820973 ,805596 ,839796 ,1079445 ,1225307 ,873257 ,1055300 ,736745 ,1092459 ,951529 ,1365024 ,989829 ,902779 ,792505 ,1016882 ,615402 ,675355 ,607837 ,584173 ,552458 ,275990 ,352992 ,313960 ,447921 ,565063 ,422465 ,408703 ,396669 ,396966 ,223335 ,142150 ,151970 ,368172 ,475068 ,557313 ,295241 ,313353 ,112468 ,215710 ,231755 ,148479 ,323895 ,348348 ,225326 ,373648 ,212980 ,191636 ,133977 ,191516 ,149959 ,255829 ,302848 ,157146 ,216862 ,393276 ,398937 ,350074 ,390724 ,579857 ,583374 ,631237 ,510485 ,671069 ,243862 ,272409 ,320459 ,436054 ,436735 ,369532 ,361772 ,185544 ,198600 ,226304 ,356507 ,420339 ,484118 ,368302 ,654145 ,567761 ,459226 ,494588 ,527063 ,341256 ,313257 ,331697 ,213070 ,232215 ,346710 ,790112 ,310887 ,326612 ,283655 ,293108 ,319615 ,169549 ,215761 ,186949 ,215487 
2016-02-01,556306 ,663652 ,925656 ,485424 ,330904 ,391863 ,375875 ,825031 ,809752 ,842525 ,1076158 ,1221820 ,867482 ,1057472 ,731065 ,1088811 ,952291 ,1357985 ,986470 ,889594 ,789940 ,1013423 ,613843 ,675482 ,604103 ,585815 ,556286 ,278539 ,358202 ,317258 ,455966 ,574269 ,426919 ,419430 ,403716 ,403248 ,220875 ,146188 ,148219 ,372261 ,484340 ,564547 ,299964 ,315504 ,114965 ,221279 ,232442 ,145152 ,326092 ,352995 ,230431 ,373554 ,209691 ,187483 ,136359 ,190944 ,148895 ,258274 ,304193 ,156020 ,216809 ,394815 ,403647 ,348819 ,390967 ,584306 ,586012 ,637872 ,515747 ,675068 ,245600 ,281086 ,320093 ,434858 ,439741 ,374454 ,374416 ,181076 ,197535 ,233588 ,358867 ,422702 ,485014 ,369027 ,650943 ,568816 ,460967 ,500052 ,528262 ,336751 ,313665 ,338377 ,209522 ,235077 ,352635 ,802634 ,311088 ,324200 ,280651 ,295698 ,322389 ,173514 ,215920 ,186680 ,215981 
2016-03-01,559492 ,667102 ,931061 ,491236 ,336333 ,395670 ,390682 ,830104 ,811997 ,850225 ,1077459 ,1221028 ,867412 ,1066069 ,739411 ,1093035 ,959332 ,1361455 ,988243 ,905380 ,799700 ,1024120 ,623098 ,684683 ,612866 ,589925 ,566037 ,285933 ,368282 ,326964 ,460725 ,579195 ,428575 ,426877 ,408260 ,410800 ,223964 ,144706 ,146946 ,375562 ,497748 ,571872 ,305603 ,320040 ,118993 ,224225 ,234515 ,146103 ,331149 ,358732 ,223204 ,379926 ,213917 ,186154 ,139589 ,190576 ,147483 ,259762 ,306609 ,156173 ,216555 ,403144 ,407746 ,349295 ,395285 ,593060 ,593636 ,650254 ,522098 ,689133 ,248008 ,281647 ,321757 ,441024 ,446860 ,375044 ,381908 ,181687 ,207439 ,228740 ,361387 ,423025 ,485700 ,368818 ,652617 ,570630 ,462012 ,492865 ,532275 ,339836 ,319270 ,344297 ,215409 ,235861 ,356462 ,810980 ,315185 ,328089 ,282889 ,299944 ,328117 ,177429 ,216090 ,190430 ,217740 
2016-04-01,568058 ,677322 ,942760 ,496812 ,343135 ,397797 ,401844 ,836196 ,826908 ,846592 ,1101442 ,1253449 ,883152 ,1083728 ,753880 ,1101785 ,957705 ,1377649 ,996679 ,931139 ,812657 ,1041668 ,633915 ,696672 ,608610 ,594022 ,565021 ,290118 ,373599 ,330303 ,471072 ,596333 ,432603 ,435126 ,418477 ,424959 ,222671 ,152032 ,153690 ,380128 ,509848 ,577494 ,310109 ,329654 ,124424 ,225983 ,235440 ,150042 ,332643 ,363045 ,225084 ,384654 ,215441 ,188112 ,139834 ,190900 ,146295 ,260334 ,308975 ,155903 ,216285 ,406368 ,410524 ,351896 ,402376 ,599482 ,597309 ,658550 ,529641 ,698559 ,248067 ,279881 ,319801 ,446291 ,451124 ,375951 ,388469 ,187856 ,211390 ,228307 ,360629 ,423653 ,488943 ,371095 ,666360 ,573416 ,463117 ,515115 ,532546 ,345680 ,322987 ,348854 ,219246 ,235007 ,366431 ,842559 ,317714 ,329042 ,284048 ,306107 ,329765 ,178351 ,217475 ,190443 ,217665 
2016-05-01,577829 ,688908 ,955793 ,504794 ,345895 ,404676 ,410918 ,849107 ,838942 ,860503 ,1110891 ,1268592 ,887738 ,1089841 ,765019 ,1121337 ,982427 ,1400219 ,1012577 ,933331 ,824407 ,1054687 ,643369 ,706122 ,611026 ,599937 ,570381 ,305046 ,378903 ,335784 ,478323 ,605164 ,441772 ,439842 ,423955 ,428919 ,228261 ,152557 ,166200 ,386366 ,525133 ,591942 ,318295 ,339491 ,128060 ,234043 ,236413 ,153057 ,339439 ,365895 ,226025 ,382929 ,214122 ,188591 ,139429 ,193764 ,150895 ,260980 ,312645 ,158037 ,220201 ,413798 ,415133 ,359825 ,406188 ,610102 ,607737 ,672759 ,539390 ,709540 ,245352 ,277406 ,325739 ,450447 ,454565 ,377597 ,389532 ,206557 ,215049 ,221247 ,357999 ,424529 ,490137 ,371639 ,664228 ,578113 ,463270 ,503885 ,532936 ,351758 ,324930 ,350217 ,226235 ,236417 ,374408 ,875002 ,323735 ,336617 ,289982 ,309837 ,336419 ,177180 ,221690 ,191897 ,218426 
2016-06-01,590909 ,706477 ,975087 ,516430 ,351792 ,411931 ,418962 ,854183 ,842575 ,867065 ,1135868 ,1296298 ,913236 ,1107688 ,771270 ,1146639 ,995878 ,1432904 ,1039992 ,970126 ,842142 ,1083365 ,649964 ,724180 ,626439 ,611898 ,579314 ,307340 ,385618 ,341805 ,492403 ,628043 ,451921 ,449378 ,435483 ,435827 ,234027 ,154866 ,168500 ,387697 ,526756 ,599915 ,327596 ,349171 ,131004 ,241948 ,237185 ,148059 ,345577 ,372963 ,231582 ,389369 ,218478 ,189418 ,143267 ,197299 ,152895 ,265827 ,315930 ,156623 ,226759 ,421743 ,423388 ,366480 ,413488 ,625319 ,627244 ,689324 ,548069 ,728296 ,246070 ,281372 ,328463 ,456144 ,460495 ,385818 ,392516 ,209962 ,212097 ,218688 ,359413 ,427756 ,491148 ,372878 ,663657 ,577779 ,464539 ,514123 ,532151 ,350775 ,322763 ,356688 ,218210 ,238272 ,384718 ,899335 ,327664 ,342492 ,290662 ,312140 ,340573 ,174414 ,216756 ,195477 ,221391 
2016-07-01,602434 ,722243 ,992207 ,524063 ,355485 ,421750 ,422295 ,859303 ,844826 ,874992 ,1160094 ,1322798 ,937297 ,1126152 ,782039 ,1163464 ,1003978 ,1453988 ,1060567 ,982998 ,859005 ,1100754 ,662182 ,741947 ,638678 ,613696 ,586608 ,307560 ,389220 ,354534 ,513094 ,659231 ,472328 ,463194 ,449546 ,445080 ,250202 ,159854 ,164555 ,393296 ,540128 ,615625 ,338679 ,356353 ,143765 ,238218 ,246757 ,146174 ,353255 ,379698 ,233417 ,389690 ,217705 ,188513 ,141512 ,200022 ,156715 ,267894 ,320134 ,155591 ,234491 ,427620 ,429950 ,373082 ,420972 ,633611 ,632974 ,704208 ,558101 ,732912 ,249667 ,286582 ,329795 ,457542 ,464885 ,392566 ,380586 ,204468 ,215864 ,226176 ,367915 ,429832 ,492165 ,373972 ,674056 ,577863 ,465303 ,506657 ,531517 ,351057 ,323296 ,355551 ,214782 ,241912 ,390534 ,910974 ,331967 ,348835 ,294844 ,316332 ,342699 ,174420 ,219557 ,196117 ,223487 
2016-08-01,612527 ,734515 ,1013632 ,536065 ,365085 ,429885 ,427199 ,869587 ,858729 ,881846 ,1183443 ,1345327 ,959051 ,1153406 ,806832 ,1180245 ,1012112 ,1466887 ,1085631 ,1021668 ,881628 ,1132626 ,679346 ,758117 ,657767 ,621098 ,605304 ,312792 ,394595 ,358462 ,518387 ,666580 ,482559 ,465907 ,454413 ,452702 ,263633 ,163856 ,156971 ,404497 ,557640 ,633638 ,347966 ,354685 ,152647 ,251575 ,250509 ,154445 ,359679 ,386615 ,230633 ,393548 ,221837 ,192166 ,144459 ,200548 ,159063 ,270431 ,325041 ,155186 ,237277 ,439682 ,442200 ,388892 ,434838 ,643986 ,647959 ,706984 ,565500 ,744779 ,253147 ,298918 ,337230 ,463596 ,473624 ,400103 ,374400 ,202180 ,213901 ,235405 ,367007 ,427512 ,492766 ,373659 ,677534 ,576168 ,468454 ,511800 ,533546 ,352955 ,326962 ,360165 ,212881 ,247240 ,395861 ,930154 ,333890 ,350082 ,298486 ,318259 ,343934 ,177575 ,220118 ,200025 ,228652 
2016-09-01,619660 ,743012 ,1031253 ,553023 ,370088 ,441244 ,432722 ,894816 ,877070 ,913102 ,1207974 ,1375501 ,975610 ,1177378 ,824528 ,1194608 ,1021399 ,1482962 ,1102652 ,1030893 ,895932 ,1154978 ,690259 ,764574 ,667893 ,629381 ,617179 ,324503 ,403728 ,363587 ,529236 ,676962 ,495317 ,477746 ,461971 ,464543 ,243352 ,168446 ,161574 ,408943 ,574993 ,644297 ,354278 ,364868 ,150723 ,264305 ,253473 ,161110 ,367227 ,393672 ,230851 ,398091 ,223004 ,195804 ,146822 ,202698 ,161468 ,276259 ,331617 ,157975 ,239919 ,448253 ,453069 ,401717 ,453291 ,661927 ,662607 ,718160 ,586812 ,768997 ,260551 ,299768 ,340907 ,475427 ,476817 ,408014 ,378164 ,193319 ,208318 ,233226 ,370870 ,427804 ,495723 ,374461 ,680165 ,584553 ,468042 ,513548 ,535873 ,352761 ,330999 ,379408 ,218208 ,249895 ,401475 ,959282 ,339201 ,355987 ,304687 ,324084 ,348372 ,181864 ,224231 ,197861 ,229991 
2016-10-01,622309 ,747507 ,1045207 ,558886 ,359876 ,451874 ,436144 ,918899 ,896988 ,940204 ,1220550 ,1391044 ,990038 ,1179794 ,837300 ,1209199 ,1040640 ,1497097 ,1112901 ,1032945 ,906128 ,1173581 ,698842 ,768563 ,683031 ,641668 ,623536 ,324565 ,420770 ,367901 ,537388 ,687161 ,500392 ,489753 ,467546 ,465856 ,242854 ,174620 ,164567 ,413176 ,596782 ,651725 ,362583 ,373817 ,151957 ,259963 ,256490 ,165063 ,366083 ,396000 ,232718 ,402526 ,230372 ,201793 ,151169 ,204553 ,159097 ,277404 ,335136 ,162470 ,240800 ,458013 ,470059 ,405550 ,460572 ,671387 ,673584 ,722209 ,594589 ,785452 ,263384 ,306842 ,344807 ,485666 ,484019 ,410484 ,387698 ,188680 ,204470 ,231861 ,364973 ,430173 ,498425 ,376670 ,680656 ,587282 ,470846 ,507707 ,541536 ,350641 ,333399 ,383839 ,219464 ,252402 ,408830 ,974564 ,341566 ,354449 ,305445 ,326917 ,354447 ,183785 ,220621 ,199523 ,229342 
2016-11-01,624675 ,751113 ,1051387 ,565631 ,367005 ,456969 ,435635 ,923594 ,895003 ,949942 ,1224477 ,1400984 ,984557 ,1188075 ,845864 ,1222371 ,1055002 ,1520825 ,1115066 ,1029854 ,906004 ,1168113 ,696784 ,772913 ,680134 ,647904 ,623981 ,352448 ,426808 ,384954 ,536565 ,684875 ,498092 ,488963 ,468468 ,470996 ,235430 ,180900 ,168137 ,406014 ,591202 ,665155 ,372849 ,365438 ,158602 ,247278 ,266676 ,161579 ,375175 ,408509 ,245437 ,405859 ,236127 ,201440 ,152444 ,205932 ,156194 ,280362 ,339678 ,164835 ,250417 ,464077 ,473624 ,412077 ,461955 ,683794 ,684851 ,738782 ,603074 ,805182 ,269060 ,309979 ,349779 ,487011 ,489338 ,411474 ,396655 ,191375 ,207837 ,233831 ,372520 ,430041 ,501229 ,378511 ,677742 ,591969 ,474906 ,517646 ,543586 ,350942 ,332554 ,397473 ,225320 ,253089 ,392775 ,1000205 ,341604 ,354124 ,305738 ,325299 ,357476 ,185954 ,225353 ,202333 ,233326 
2016-12-01,627905 ,751460 ,1047179 ,574410 ,376947 ,457990 ,467348 ,929162 ,903672 ,957501 ,1218254 ,1395709 ,975593 ,1184533 ,840639 ,1218979 ,1062115 ,1520349 ,1104779 ,1021594 ,904516 ,1161823 ,688248 ,781663 ,681953 ,659906 ,636951 ,353162 ,429013 ,390849 ,534860 ,681272 ,499701 ,484566 ,467435 ,486655 ,246849 ,184672 ,172581 ,413011 ,571520 ,672197 ,375187 ,373702 ,176324 ,250147 ,269266 ,164486 ,387133 ,415189 ,251001 ,411160 ,237270 ,198035 ,155436 ,204916 ,160210 ,284779 ,345068 ,168576 ,254113 ,480923 ,477692 ,422596 ,470907 ,693842 ,697056 ,738555 ,614937 ,815985 ,271912 ,315863 ,363766 ,499082 ,499866 ,421688 ,401384 ,185826 ,212567 ,233680 ,374684 ,431724 ,494247 ,368548 ,656669 ,585705 ,474260 ,513275 ,544335 ,352732 ,334433 ,410692 ,225411 ,256882 ,398063 ,1022214 ,354133 ,368259 ,308938 ,338291 ,371192 ,186819 ,228760 ,201719 ,236416 
2017-01-01,631302 ,754572 ,1047699 ,582322 ,389811 ,463319 ,463896 ,933456 ,908966 ,961450 ,1214291 ,1387368 ,971364 ,1189924 ,836574 ,1225096 ,1065420 ,1532815 ,1107912 ,1036288 ,901422 ,1158197 ,686567 ,781110 ,684172 ,660557 ,645780 ,359520 ,441525 ,398682 ,531337 ,678886 ,489611 ,482333 ,466235 ,490723 ,243964 ,188852 ,172405 ,418130 ,575089 ,672752 ,379865 ,380691 ,177183 ,248261 ,271632 ,161966 ,392182 ,419099 ,253787 ,415761 ,234372 ,198934 ,156971 ,207752 ,163111 ,289350 ,348581 ,163877 ,258047 ,482723 ,484164 ,433538 ,482632 ,702081 ,703433 ,753259 ,627791 ,808685 ,276020 ,321476 ,370839 ,498111 ,508343 ,423753 ,398058 ,183573 ,211780 ,234405 ,378276 ,434854 ,497539 ,371157 ,667077 ,588632 ,477247 ,514403 ,547094 ,348788 ,335449 ,420915 ,229085 ,260433 ,411111 ,1032560 ,359055 ,372295 ,320180 ,342080 ,375669 ,190208 ,236549 ,200826 ,239252 
2017-02-01,631349 ,750253 ,1043680 ,589784 ,399780 ,468033 ,470913 ,936877 ,918495 ,957228 ,1196987 ,1363263 ,962999 ,1176182 ,831705 ,1224673 ,1062336 ,1540731 ,1100193 ,1057341 ,902477 ,1159890 ,685233 ,785112 ,686465 ,663638 ,654659 ,362059 ,452169 ,400688 ,532171 ,681204 ,494010 ,481707 ,464668 ,497582 ,266734 ,192649 ,176081 ,428410 ,581540 ,673923 ,386810 ,390862 ,174150 ,253857 ,272982 ,163883 ,397013 ,419190 ,259663 ,420813 ,232541 ,197336 ,158007 ,212695 ,171286 ,297286 ,349494 ,165264 ,258639 ,479823 ,498652 ,437832 ,488797 ,709806 ,704885 ,773982 ,639076 ,806933 ,284601 ,333802 ,376069 ,501153 ,513933 ,425213 ,390602 ,177902 ,206481 ,233275 ,374130 ,437569 ,498710 ,371793 ,672029 ,589186 ,479064 ,508096 ,545372 ,344881 ,338653 ,433271 ,224971 ,263134 ,423431 ,1039434 ,359629 ,372954 ,326875 ,340838 ,376406 ,192737 ,240861 ,203873 ,235895 
2017-03-01,631432 ,748957 ,1045362 ,595501 ,397600 ,472081 ,471203 ,940701 ,920149 ,964038 ,1201367 ,1375264 ,952902 ,1184914 ,828959 ,1229715 ,1062943 ,1542858 ,1108497 ,1066785 ,900324 ,1165890 ,681232 ,775666 ,689859 ,667209 ,670508 ,364116 ,451956 ,412431 ,532888 ,677418 ,496659 ,484524 ,467316 ,496884 ,258186 ,196418 ,171185 ,435052 ,590608 ,676381 ,391910 ,398552 ,171118 ,269729 ,276793 ,170426 ,398612 ,422945 ,260446 ,418057 ,234368 ,200509 ,162274 ,217672 ,179364 ,299293 ,351959 ,170684 ,264918 ,482789 ,511483 ,442379 ,496314 ,716613 ,714679 ,781177 ,644209 ,808973 ,288996 ,334835 ,387687 ,512754 ,522201 ,427552 ,406297 ,185358 ,206297 ,240056 ,372956 ,438750 ,497120 ,372468 ,669820 ,586247 ,477267 ,504734 ,546633 ,346678 ,338997 ,449520 ,218755 ,261295 ,437791 ,1042258 ,363821 ,376502 ,338306 ,343886 ,379103 ,189673 ,248195 ,208501 ,237168 
2017-04-01,631147 ,746641 ,1043830 ,602230 ,401968 ,477765 ,493324 ,956733 ,930208 ,986101 ,1195292 ,1369047 ,948963 ,1179375 ,826454 ,1223387 ,1079879 ,1523289 ,1098608 ,1061490 ,903160 ,1172617 ,681590 ,775680 ,693239 ,669518 ,690634 ,352258 ,450043 ,409682 ,538832 ,682774 ,502853 ,489654 ,475052 ,500785 ,256441 ,198308 ,169120 ,437943 ,590783 ,678643 ,396423 ,392330 ,177944 ,285348 ,279842 ,166402 ,408510 ,425484 ,263498 ,418445 ,233938 ,200012 ,166185 ,220336 ,185061 ,302103 ,354999 ,177210 ,266589 ,491203 ,510853 ,445632 ,503286 ,724176 ,721252 ,785353 ,646931 ,839410 ,290842 ,329770 ,388653 ,521575 ,527422 ,428509 ,399661 ,188334 ,211078 ,238076 ,370164 ,441938 ,495855 ,370913 ,672285 ,585099 ,475239 ,500781 ,545261 ,347607 ,335241 ,455779 ,220009 ,267631 ,434656 ,1041830 ,371739 ,384959 ,346444 ,352212 ,385656 ,189653 ,248115 ,209848 ,239486 
2017-05-01,634018 ,748592 ,1044561 ,607907 ,402966 ,483049 ,514219 ,960087 ,930274 ,994136 ,1198381 ,1369770 ,953727 ,1184048 ,825736 ,1222137 ,1075398 ,1524074 ,1096186 ,1074011 ,902068 ,1168644 ,684048 ,774309 ,683812 ,671396 ,711289 ,394065 ,443961 ,415687 ,537152 ,678649 ,502378 ,485980 ,476988 ,506925 ,263273 ,201325 ,176405 ,440842 ,602059 ,683012 ,394408 ,397183 ,175142 ,286688 ,281629 ,168185 ,413801 ,436454 ,266382 ,420080 ,235861 ,199041 ,162261 ,222406 ,180820 ,306711 ,357248 ,174216 ,271879 ,501569 ,509433 ,449970 ,505602 ,727119 ,729070 ,786968 ,645798 ,842417 ,299138 ,334317 ,394506 ,534908 ,527974 ,434357 ,417231 ,184567 ,215035 ,246493 ,376755 ,440525 ,495070 ,372013 ,658809 ,584488 ,476035 ,493919 ,546346 ,351336 ,341693 ,474921 ,222619 ,271422 ,450482 ,1052211 ,373810 ,388003 ,348301 ,353668 ,386759 ,189770 ,254355 ,211027 ,243144 
2017-06-01,639051 ,751563 ,1045059 ,609552 ,408416 ,492588 ,520852 ,955814 ,928686 ,984933 ,1203775 ,1376695 ,956862 ,1190626 ,823630 ,1228005 ,1073116 ,1534921 ,1103498 ,1099383 ,900766 ,1169679 ,684184 ,771795 ,677340 ,666845 ,710548 ,392066 ,453496 ,419289 ,539357 ,679803 ,498276 ,491788 ,482593 ,514927 ,288008 ,206669 ,191530 ,446364 ,612363 ,687364 ,393753 ,399082 ,181797 ,294638 ,285855 ,157176 ,420155 ,442986 ,281208 ,423157 ,236211 ,198533 ,163463 ,226526 ,186313 ,308599 ,357752 ,175781 ,278503 ,508221 ,509575 ,448380 ,509860 ,726902 ,730532 ,785474 ,643916 ,843645 ,303415 ,348811 ,412286 ,535118 ,532120 ,437984 ,383455 ,186087 ,211263 ,252708 ,376523 ,439901 ,496378 ,372246 ,664643 ,586427 ,475906 ,507672 ,546070 ,347807 ,345729 ,460593 ,219363 ,278798 ,453074 ,1071995 ,375371 ,388783 ,346370 ,355718 ,390365 ,195890 ,253764 ,210651 ,241770 
2017-07-01,641280 ,753271 ,1044303 ,607011 ,405772 ,494212 ,521633 ,949658 ,927802 ,972194 ,1202461 ,1380887 ,952432 ,1180491 ,819426 ,1234767 ,1082911 ,1546047 ,1105872 ,1105452 ,898361 ,1166714 ,687130 ,767205 ,675358 ,658595 ,711444 ,396177 ,449975 ,423036 ,540840 ,682118 ,504020 ,489902 ,481377 ,517738 ,278015 ,207925 ,191663 ,445296 ,617754 ,691350 ,399024 ,403798 ,181302 ,285825 ,292598 ,159755 ,423750 ,449717 ,286339 ,424296 ,235850 ,199525 ,162648 ,229167 ,189650 ,306344 ,359283 ,173629 ,282202 ,513925 ,513803 ,448947 ,512460 ,724202 ,723333 ,789080 ,643389 ,834607 ,309917 ,347936 ,421022 ,533816 ,531659 ,438292 ,397117 ,181996 ,206940 ,248800 ,372578 ,435139 ,495098 ,370936 ,664135 ,584373 ,474890 ,509675 ,545770 ,346274 ,350706 ,469979 ,219432 ,283822 ,455725 ,1092748 ,373857 ,387007 ,336932 ,352656 ,393669 ,196047 ,249987 ,214150 ,242829 
2017-08-01,641648 ,752123 ,1041957 ,605435 ,413417 ,497489 ,513954 ,945934 ,931381 ,962249 ,1200914 ,1374159 ,956868 ,1179806 ,816503 ,1232779 ,1084025 ,1542465 ,1101122 ,1116415 ,899432 ,1167107 ,682709 ,773033 ,666387 ,656665 ,715833 ,395868 ,450349 ,436381 ,544469 ,687203 ,504094 ,494934 ,484833 ,519296 ,280795 ,212754 ,197048 ,441138 ,613073 ,694361 ,407318 ,403542 ,188667 ,289547 ,293141 ,155896 ,425780 ,459393 ,287158 ,426255 ,244076 ,205833 ,169179 ,229961 ,184866 ,307913 ,362557 ,175537 ,285597 ,518382 ,521775 ,452206 ,515961 ,724965 ,724511 ,795148 ,640773 ,837601 ,311329 ,349684 ,432110 ,538256 ,538136 ,440276 ,394422 ,186167 ,208151 ,243501 ,371914 ,434284 ,493069 ,370617 ,662309 ,579987 ,473320 ,508354 ,544099 ,347530 ,353407 ,461208 ,222778 ,283490 ,458418 ,1098037 ,375814 ,392058 ,324480 ,353979 ,396694 ,201401 ,250692 ,213745 ,240725 
2017-09-01,646378 ,758639 ,1039066 ,606322 ,409120 ,500801 ,515516 ,939955 ,937359 ,946744 ,1195052 ,1363735 ,961224 ,1167255 ,816408 ,1226375 ,1079348 ,1532259 ,1099479 ,1088716 ,897957 ,1158720 ,688487 ,771872 ,679072 ,663080 ,718962 ,400929 ,442066 ,436715 ,546402 ,691429 ,505665 ,494249 ,487041 ,526055 ,290582 ,209480 ,200234 ,445623 ,614822 ,686759 ,411544 ,409953 ,190312 ,272953 ,295010 ,166024 ,431805 ,465943 ,285946 ,425182 ,253858 ,210539 ,168292 ,230098 ,179136 ,312089 ,366104 ,177788 ,287454 ,525799 ,521385 ,457847 ,519410 ,732708 ,729323 ,813927 ,643881 ,849228 ,312958 ,343836 ,436400 ,539866 ,545565 ,435101 ,385361 ,187053 ,208745 ,237354 ,369031 ,432641 ,491626 ,370754 ,649101 ,580029 ,471582 ,513416 ,542327 ,345070 ,352195 ,486669 ,222341 ,287866 ,467482 ,1079748 ,380701 ,398393 ,344916 ,355886 ,398890 ,205331 ,254104 ,216798 ,244691 
2017-10-01,646807 ,759526 ,1038722 ,610579 ,421696 ,495464 ,505010 ,933909 ,913845 ,954769 ,1201452 ,1362746 ,981196 ,1168764 ,818706 ,1223913 ,1079721 ,1534549 ,1090843 ,1114609 ,893580 ,1151198 ,690284 ,764261 ,684268 ,665843 ,733369 ,385249 ,457448 ,428139 ,543046 ,688533 ,498729 ,493095 ,483984 ,534468 ,304346 ,212671 ,196499 ,447342 ,627634 ,687241 ,404304 ,410176 ,189499 ,271226 ,293667 ,164654 ,436467 ,467330 ,284632 ,429953 ,257745 ,210575 ,172616 ,228292 ,186712 ,320089 ,370174 ,181557 ,290144 ,527730 ,527553 ,465199 ,520264 ,738742 ,728840 ,808640 ,657822 ,863993 ,320823 ,351004 ,447544 ,546808 ,551342 ,437689 ,386625 ,185849 ,200361 ,247001 ,379697 ,437914 ,490429 ,369652 ,648850 ,578963 ,469907 ,515635 ,543681 ,345879 ,353069 ,485228 ,223575 ,284244 ,469842 ,1092736 ,382402 ,397643 ,348171 ,365713 ,395359 ,201172 ,259216 ,217088 ,247823 
2017-11-01,664698 ,779380 ,1045741 ,621289 ,420783 ,499955 ,492074 ,935590 ,916063 ,956318 ,1212617 ,1380575 ,974440 ,1190355 ,821105 ,1241504 ,1086373 ,1570354 ,1094265 ,1155463 ,891394 ,1144569 ,687444 ,770341 ,692175 ,659650 ,695353 ,380447 ,459759 ,428838 ,544050 ,689628 ,499982 ,491410 ,489637 ,532650 ,291236 ,219834 ,187615 ,458530 ,626120 ,687310 ,409832 ,415545 ,192821 ,276447 ,290745 ,149830 ,442876 ,473589 ,293069 ,431996 ,256933 ,207107 ,171764 ,233750 ,192385 ,327182 ,374337 ,187187 ,295407 ,538431 ,535268 ,470235 ,524285 ,749870 ,742749 ,800674 ,674630 ,877461 ,326986 ,362452 ,437125 ,553187 ,553052 ,447194 ,391984 ,179500 ,208417 ,242581 ,381831 ,439936 ,493899 ,371471 ,660947 ,585656 ,470420 ,514183 ,544469 ,345615 ,350033 ,494980 ,224126 ,282113 ,467868 ,1105213 ,386326 ,403396 ,355106 ,368133 ,397863 ,200210 ,270290 ,218929 ,251884 
2017-12-01,669565 ,786246 ,1051762 ,628450 ,421582 ,499205 ,496551 ,941029 ,921890 ,961471 ,1226509 ,1405509 ,981844 ,1192164 ,824271 ,1245536 ,1085314 ,1575133 ,1100710 ,1161110 ,895606 ,1150996 ,695724 ,769615 ,696713 ,666676 ,700175 ,373059 ,459226 ,429173 ,543446 ,689194 ,493950 ,495151 ,488101 ,530552 ,287098 ,229124 ,203650 ,463012 ,623705 ,693725 ,412741 ,414658 ,188379 ,287980 ,293346 ,155959 ,444961 ,477959 ,299844 ,436669 ,252131 ,206129 ,171244 ,235900 ,193409 ,325330 ,375217 ,191343 ,296139 ,545818 ,540535 ,469691 ,524357 ,756879 ,752918 ,802331 ,684032 ,876596 ,325167 ,363112 ,446831 ,556009 ,555184 ,450525 ,414827 ,179147 ,209053 ,241677 ,388677 ,439059 ,493706 ,371592 ,665019 ,583755 ,470896 ,509724 ,546232 ,347698 ,351623 ,511978 ,231430 ,288202 ,467458 ,1111995 ,391098 ,408365 ,364115 ,375130 ,398926 ,201971 ,271698 ,220411 ,256433 
2018-01-01,671531 ,787740 ,1054974 ,634811 ,421197 ,509857 ,506745 ,947856 ,927897 ,969140 ,1228920 ,1410765 ,977381 ,1199720 ,822871 ,1245682 ,1078359 ,1576640 ,1104859 ,1166941 ,904158 ,1161381 ,703189 ,776208 ,700283 ,673514 ,704581 ,373471 ,470218 ,432464 ,544935 ,692145 ,494164 ,494488 ,492551 ,530898 ,293089 ,225800 ,204268 ,467505 ,617120 ,698875 ,417258 ,411370 ,187011 ,302220 ,296435 ,155567 ,453616 ,483759 ,307507 ,439011 ,251136 ,209745 ,174029 ,238248 ,195601 ,326418 ,379248 ,183896 ,300771 ,544874 ,548889 ,470511 ,523344 ,764560 ,768645 ,821254 ,684884 ,874198 ,327415 ,366143 ,457934 ,560907 ,558587 ,453173 ,422097 ,187595 ,214972 ,240885 ,381419 ,437733 ,494459 ,372005 ,667870 ,584136 ,471587 ,510268 ,546340 ,350514 ,354254 ,534982 ,227424 ,297755 ,471455 ,1116673 ,392512 ,410278 ,360397 ,373189 ,402502 ,209395 ,272221 ,219810 ,255045 
2018-02-01,672645 ,788173 ,1053948 ,640737 ,427406 ,510409 ,507906 ,951356 ,930503 ,973369 ,1231179 ,1412965 ,972478 ,1214172 ,825362 ,1239086 ,1076464 ,1566834 ,1095706 ,1181685 ,902791 ,1155919 ,701488 ,779011 ,702318 ,674114 ,712236 ,386538 ,471961 ,435109 ,548417 ,694699 ,498761 ,500468 ,491915 ,533012 ,296181 ,225883 ,202497 ,466925 ,622227 ,706825 ,417653 ,418096 ,190175 ,310035 ,301863 ,158564 ,451686 ,488236 ,316954 ,439630 ,251459 ,218492 ,179331 ,237423 ,192867 ,322942 ,380255 ,185059 ,302981 ,546371 ,546552 ,474961 ,526659 ,764020 ,762980 ,821985 ,686534 ,879039 ,336228 ,373391 ,463217 ,565643 ,567767 ,454127 ,447152 ,184869 ,211555 ,237232 ,385645 ,438567 ,494563 ,371826 ,669770 ,583678 ,472482 ,511931 ,549985 ,350500 ,355923 ,535228 ,233367 ,301777 ,476421 ,1114358 ,392921 ,407170 ,360626 ,373280 ,408439 ,213658 ,283403 ,221832 ,259919 
2018-03-01,677618 ,793788 ,1055992 ,644567 ,431570 ,517302 ,521642 ,949896 ,920361 ,979858 ,1235905 ,1422283 ,971511 ,1218876 ,824848 ,1244218 ,1095224 ,1566924 ,1097888 ,1157589 ,903135 ,1159422 ,699099 ,778721 ,703258 ,675378 ,721023 ,387595 ,472520 ,441091 ,555549 ,699275 ,515877 ,501973 ,498890 ,535749 ,300529 ,228687 ,196151 ,471296 ,637801 ,706922 ,419556 ,426099 ,196397 ,334445 ,306098 ,162447 ,457145 ,497562 ,327971 ,441101 ,256737 ,221370 ,183680 ,242522 ,201401 ,330093 ,383671 ,187180 ,307549 ,549532 ,549185 ,482846 ,532278 ,768108 ,766866 ,820305 ,691503 ,887276 ,336613 ,380885 ,482212 ,562614 ,566052 ,454276 ,442296 ,182860 ,213338 ,245140 ,377088 ,439667 ,494117 ,371211 ,668595 ,581421 ,473994 ,507165 ,549809 ,351400 ,356448 ,523181 ,234446 ,303914 ,478415 ,1120905 ,398120 ,412991 ,366813 ,375458 ,415844 ,213517 ,280595 ,225255 ,261762 
2018-04-01,681343 ,798215 ,1049440 ,650165 ,428672 ,516786 ,527089 ,954585 ,934678 ,975786 ,1227547 ,1409940 ,966698 ,1213381 ,822169 ,1231554 ,1086073 ,1547553 ,1091501 ,1137265 ,899499 ,1152222 ,697195 ,777708 ,701181 ,670921 ,730496 ,409040 ,479402 ,448353 ,557223 ,702930 ,517478 ,506042 ,494940 ,539524 ,309390 ,224659 ,207523 ,476056 ,627847 ,704418 ,421223 ,433178 ,203609 ,312871 ,308843 ,178298 ,457057 ,502242 ,324844 ,447253 ,262204 ,221762 ,184561 ,246964 ,201053 ,336924 ,383482 ,192227 ,310928 ,555138 ,554193 ,485820 ,534369 ,773722 ,766460 ,830118 ,697381 ,899599 ,339514 ,386889 ,473557 ,567819 ,571478 ,462964 ,441157 ,178921 ,211958 ,244266 ,386263 ,441478 ,491908 ,367875 ,659097 ,577934 ,475530 ,506853 ,549651 ,352237 ,355493 ,510120 ,237776 ,303867 ,489234 ,1155858 ,404780 ,421397 ,372547 ,384642 ,417667 ,212193 ,282276 ,222812 ,263961 
2018-05-01,683103 ,800073 ,1052975 ,650514 ,421449 ,527437 ,541328 ,954189 ,932785 ,976682 ,1227168 ,1405172 ,973611 ,1209897 ,824510 ,1242885 ,1102231 ,1563198 ,1095863 ,1129606 ,899315 ,1156013 ,693663 ,775279 ,702424 ,667193 ,736324 ,422853 ,482794 ,444516 ,557789 ,707658 ,513715 ,508483 ,491948 ,545908 ,288098 ,219413 ,213530 ,478978 ,629381 ,700506 ,419606 ,430854 ,200923 ,304148 ,309070 ,196663 ,456101 ,507062 ,328094 ,449305 ,264548 ,218888 ,189251 ,253352 ,204714 ,338277 ,388542 ,196485 ,313605 ,558258 ,555915 ,486523 ,533075 ,779671 ,771416 ,834195 ,704623 ,906141 ,340366 ,390544 ,476489 ,571765 ,576839 ,464393 ,378080 ,188969 ,216051 ,244396 ,383931 ,440174 ,495292 ,371405 ,672068 ,582581 ,474459 ,513757 ,549069 ,354456 ,357190 ,516214 ,243622 ,305118 ,492471 ,1172888 ,408971 ,428915 ,379411 ,388025 ,417767 ,207002 ,279193 ,221703 ,264122 
2018-06-01,680248 ,795324 ,1055161 ,654177 ,410923 ,529133 ,539997 ,955826 ,933808 ,978405 ,1225876 ,1402072 ,973865 ,1208727 ,826358 ,1248285 ,1097670 ,1569601 ,1105355 ,1157951 ,902851 ,1155330 ,699169 ,781251 ,702821 ,662146 ,734252 ,428010 ,480749 ,443570 ,558766 ,712446 ,513050 ,511336 ,487811 ,547893 ,285465 ,211053 ,209591 ,476044 ,624240 ,699634 ,424694 ,433453 ,210576 ,271623 ,309417 ,206626 ,452425 ,512425 ,340176 ,450316 ,267129 ,222496 ,195448 ,255103 ,204319 ,338538 ,390892 ,197962 ,318289 ,557940 ,560308 ,489539 ,536189 ,780250 ,773703 ,831902 ,705999 ,903986 ,345970 ,391491 ,481217 ,577410 ,583105 ,464687 ,397231 ,188433 ,215880 ,240687 ,385216 ,440049 ,494907 ,372346 ,672443 ,582507 ,472405 ,521188 ,547876 ,352480 ,359439 ,519639 ,245060 ,304118 ,498191 ,1174557 ,410342 ,429360 ,378942 ,388388 ,422640 ,205576 ,279300 ,218257 ,264915 
2018-07-01,674803 ,786730 ,1052708 ,653762 ,407266 ,532155 ,540211 ,946879 ,926996 ,967280 ,1223743 ,1400492 ,972724 ,1202627 ,824066 ,1245620 ,1082536 ,1573358 ,1107769 ,1169337 ,900122 ,1150861 ,698354 ,780007 ,705108 ,664904 ,738286 ,413018 ,472220 ,447499 ,558041 ,708985 ,512579 ,512439 ,488978 ,553336 ,273252 ,206852 ,229215 ,478489 ,630534 ,701082 ,429354 ,428412 ,202172 ,279415 ,312960 ,194137 ,456563 ,514083 ,360202 ,446742 ,271508 ,221912 ,193049 ,253071 ,207227 ,340556 ,394971 ,206049 ,317130 ,561853 ,557895 ,489972 ,537310 ,779112 ,779869 ,832590 ,698020 ,904102 ,350525 ,393576 ,477452 ,580226 ,583810 ,466259 ,373686 ,184890 ,214913 ,239848 ,382739 ,438547 ,495511 ,373331 ,672116 ,584610 ,472278 ,512492 ,551175 ,350270 ,358794 ,503467 ,245039 ,304301 ,495762 ,1167412 ,410966 ,430985 ,373823 ,388492 ,425433 ,208170 ,279432 ,218262 ,267174 
2018-08-01,672504 ,781941 ,1048956 ,656676 ,413660 ,531418 ,536222 ,949398 ,933123 ,966967 ,1213982 ,1389536 ,970843 ,1183366 ,821585 ,1240833 ,1065840 ,1574598 ,1107286 ,1184304 ,898657 ,1148387 ,699957 ,777534 ,703125 ,668987 ,729789 ,413501 ,476307 ,449234 ,559190 ,714857 ,511562 ,508015 ,489675 ,554519 ,285344 ,215069 ,234583 ,478529 ,634582 ,705383 ,432758 ,426767 ,204179 ,272108 ,318788 ,183184 ,460059 ,511891 ,347290 ,447733 ,266654 ,226722 ,195211 ,254612 ,215829 ,346676 ,398565 ,207553 ,323017 ,561203 ,559556 ,499734 ,541118 ,778386 ,776572 ,828253 ,709070 ,889345 ,356288 ,390225 ,480338 ,585198 ,588140 ,461703 ,393028 ,181880 ,217691 ,243472 ,388448 ,441941 ,494476 ,374156 ,671916 ,582536 ,470481 ,512958 ,553288 ,349935 ,360496 ,495805 ,245216 ,302834 ,503826 ,1161159 ,415888 ,438893 ,376065 ,389610 ,431902 ,211700 ,274228 ,224202 ,272855 
